word,2013_freq
network,783
model,385
systems,302
cod,275
analysis,274
data,244
algorithm,223
graph,223
learn,206
information,168
algorithms,168
wireless,167
channel,165
system,158
efficient,149
control,146
design,133
distribute,132
linear,128
image,126
social,125
performance,124
process,119
time,117
sparse,116
detection,116
program,110
optimization,110
complexity,108
optimal,106
cluster,104
function,103
software,102
dynamic,100
set,99
framework,98
bayesian,98
study,97
structure,96
improve,95
sense,95
estimation,93
bound,92
power,90
sensor,88
theory,88
compute,86
energy,86
game,86
probabilistic,84
search,83
adaptive,82
recognition,81
interference,79
mimo,79
online,78
web,77
random,77
application,77
service,76
classification,75
scheme,72
logic,71
relay,71
applications,70
mobile,69
signal,69
fast,68
decision,67
communication,67
rout,65
security,65
approximate,64
case,64
tree,64
match,64
belief,63
large,63
methods,62
stochastic,62
filter,61
approximation,60
evaluation,60
cloud,59
sequence,59
pattern,58
parallel,58
access,57
reason,57
schedule,56
inference,56
machine,55
cognitive,55
finite,55
state,54
robust,54
towards,54
matrix,53
selection,53
measure,53
test,52
capacity,51
approach,50
compress,50
user,50
distance,49
language,49
support,49
group,49
local,49
generalize,49
hybrid,49
feature,48
computation,48
survey,48
multiple,48
probability,48
markov,47
query,47
space,47
rate,46
weight,46
secure,46
extend,46
cooperative,46
map,46
cellular,45
plan,45
management,45
knowledge,44
constraints,44
joint,44
techniques,44
sample,44
radio,44
automata,44
class,44
neural,43
protocol,43
source,43
fuzzy,42
feedback,42
automatic,42
stream,42
find,41
video,41
delay,41
simulation,41
comparison,41
allocation,41
limit,40
share,40
mine,39
novel,39
uncertainty,39
compression,39
semantic,39
effect,38
index,38
rule,38
languages,38
field,38
number,38
construction,38
quality,38
technique,38
flow,37
spectrum,37
partition,37
general,37
verification,37
beamforming,37
discrete,36
noise,36
solve,36
representation,36
simple,36
prediction,36
point,36
cost,35
gaussian,35
dynamics,35
minimum,34
3d,34
result,34
recovery,34
transmission,34
scale,34
implementation,34
reduction,34
iterative,33
polynomial,33
lower,33
architecture,33
human,33
binary,33
constrain,33
community,32
impact,32
order,32
complex,32
evolution,32
decode,32
phase,32
problem,32
high,31
strategies,31
temporal,31
code,31
context,31
digital,31
similarity,31
quantum,31
low,31
development,31
automate,30
storage,30
distribution,30
matrices,30
text,30
entropy,30
message,30
communications,30
object,30
error,30
computer,30
generation,30
rank,30
compressive,30
efficiency,30
internet,30
track,29
face,29
challenge,29
small,29
scalable,29
condition,29
monitor,29
resource,29
statistical,29
cache,29
smart,28
influence,28
spatial,28
uncertain,28
localization,28
maximum,28
identification,28
diffusion,28
partial,28
diagram,28
engineer,28
semantics,28
label,28
two,27
color,27
largescale,27
computational,27
convex,27
reconstruction,27
research,27
evolutionary,27
base,27
memory,27
solution,27
retrieval,27
optimize,27
mix,27
segmentation,26
proof,26
multiuser,26
practical,26
speech,26
region,26
key,26
discovery,26
transform,26
global,26
geometric,26
link,26
type,26
make,26
causal,26
protocols,26
realtime,26
tool,25
vector,25
estimate,25
alignment,25
environments,25
minimization,25
value,25
hierarchical,25
use,25
method,25
direct,25
extraction,25
privacy,25
nonlinear,25
collaborative,25
layer,25
single,25
fade,25
metric,25
size,25
bind,25
cover,25
kernel,25
path,24
behavior,24
transfer,24
properties,24
metrics,24
virtual,24
grid,24
net,24
authentication,24
version,24
without,24
proceed,24
stability,24
representations,24
natural,23
deep,23
environment,23
note,23
predict,23
embed,23
heterogeneous,23
attack,23
report,23
propagation,23
spectral,23
price,23
revisit,23
broadcast,23
curve,22
enhance,22
convergence,22
practice,22
word,22
evidence,22
circuit,22
constraint,22
genetic,22
secrecy,22
strategy,22
probabilities,22
comparative,22
continuous,22
regression,22
decomposition,21
intelligence,21
opportunistic,21
integrate,21
switch,21
throughput,21
empirical,21
policies,21
technology,21
noisy,21
stable,21
domain,21
balance,21
equivalence,21
content,21
scientific,21
review,21
location,21
consensus,21
parameterized,21
traffic,21
polar,21
exact,21
independent,20
modulation,20
unify,20
massive,20
load,20
problems,20
recommendation,20
dimension,20
adaptation,20
coordinate,20
sequential,20
artificial,20
parameter,20
distributions,20
characterization,20
product,20
frequency,20
cooperation,20
media,20
differential,20
paths,19
hide,19
task,19
active,19
conditional,19
symmetric,19
randomize,19
rat,19
utility,19
issue,19
document,19
mechanism,19
databases,19
combine,19
decentralize,19
apply,19
assessment,19
formal,19
encode,18
factor,18
equations,18
answer,18
asynchronous,18
generate,18
line,18
structural,18
graphical,18
visual,18
strong,18
science,18
block,18
es,18
connectivity,18
database,18
composition,18
understand,18
cell,18
interaction,18
physical,18
reinforcement,18
workshop,18
action,18
fault,17
level,17
common,17
algebra,17
ontology,17
transformation,17
count,17
fusion,17
exploit,17
algebraic,17
perspective,17
two thousand and thirteen,17
concurrent,17
open,17
quadratic,17
universal,17
cut,17
measurements,17
transition,17
connect,17
mesh,17
auction,17
incremental,17
theorem,17
regular,17
gap,17
detect,17
topology,17
encryption,17
optical,17
array,17
correlation,17
average,17
interactive,17
check,17
experiment,17
dual,17
bank,16
approximations,16
increase,16
users,16
operations,16
interpolation,16
k,16
degrees,16
functional,16
deterministic,16
way,16
surface,16
interval,16
gradient,16
simulate,16
vision,16
motion,16
first,16
project,16
output,16
arbitrary,16
edge,16
shortest,16
diversity,16
blind,16
short,16
subspace,16
mean,16
medical,16
multiagent,16
real,16
event,15
integration,15
policy,15
communities,15
freedom,15
orthogonal,15
mobility,15
association,15
list,15
part,15
range,15
dimensional,15
name,15
unsupervised,15
numerical,15
chain,15
presence,15
convolutional,15
business,15
square,15
tensor,15
ad,15
change,15
strategic,15
big,15
overview,15
train,15
international,15
ofdm,15
factorization,15
multihop,15
beyond,15
maximization,15
update,15
library,15
combinatorial,15
recursive,14
station,14
robot,14
guarantee,14
relate,14
risk,14
induction,14
spacetime,14
spatially,14
relational,14
variable,14
partially,14
cyclic,14
different,14
one,14
platform,14
twitter,14
correlate,14
agent,14
static,14
multidimensional,14
constant,14
accuracy,14
three,14
intelligent,14
threshold,14
couple,14
alternate,14
analyse,14
arithmetic,14
swarm,14
particle,14
things,14
calculus,14
solutions,14
submodular,14
speed,14
advance,14
effective,14
aggregation,14
latent,14
loss,14
planar,14
experience,14
diagnosis,13
antenna,13
dictionary,13
expansion,13
n,13
consistency,13
least,13
induce,13
analytical,13
kernels,13
shape,13
gpu,13
lowcomplexity,13
smooth,13
sit,13
sensors,13
fingerprint,13
miso,13
tag,13
geometry,13
aggregate,13
domains,13
boolean,13
toward,13
reachability,13
combination,13
qualitative,13
mechanisms,13
abstract,13
sort,13
nod,13
petri,13
agents,13
variables,13
robots,13
equilibrium,13
algorithmic,13
reduce,13
build,13
minimal,13
interface,13
events,13
downlink,13
analyze,13
lift,13
bandits,12
improvement,12
slide,12
heuristic,12
devices,12
future,12
regularize,12
vs,12
simulations,12
consumption,12
greedy,12
preliminary,12
denoising,12
component,12
harvest,12
represent,12
fourier,12
measurement,12
term,12
generalization,12
parameters,12
manage,12
sensitivity,12
separation,12
construct,12
generic,12
center,12
hash,12
independence,12
hard,12
faster,12
soft,12
target,12
trust,12
evaluate,12
architectures,12
personal,12
light,12
placement,12
topological,12
csit,12
hoc,12
expressions,12
incomplete,12
uniform,12
precoding,12
fullduplex,12
tradeoff,12
implications,12
enhancement,12
lowrank,12
extract,12
frame,11
synthesis,11
password,11
gene,11
formation,11
file,11
supervise,11
mathematical,11
infrastructure,11
tractable,11
theoretic,11
entity,11
expert,11
forecast,11
grids,11
wavelet,11
synchronization,11
suppression,11
body,11
completion,11
within,11
operators,11
ratio,11
versus,11
bipartite,11
steiner,11
public,11
asymptotic,11
long,11
identify,11
mapreduce,11
coordination,11
molecular,11
potential,11
assignment,11
upper,11
length,11
sustainable,11
nonuniform,11
world,11
cycle,11
dataset,11
predictive,11
role,11
sign,11
infinite,11
deployment,11
area,11
rational,11
remote,11
ldpc,11
fix,11
datasets,11
qos,11
satisfaction,11
exponential,11
relative,11
uplink,11
density,11
string,11
quantitative,11
compare,11
maximal,10
parametric,10
possible,10
good,10
treewidth,10
technical,10
discriminative,10
property,10
branch,10
multimedia,10
likelihood,10
position,10
higher,10
free,10
neighbor,10
profile,10
resolution,10
characteristics,10
locally,10
packet,10
achieve,10
optimality,10
translation,10
full,10
citation,10
innovation,10
reducedrank,10
lossy,10
errors,10
processor,10
classical,10
flexible,10
sum,10
sparsity,10
possibility,10
mutual,10
hardware,10
robustness,10
recurrent,10
cryptography,10
extension,10
experimental,10
activity,10
node,10
objectoriented,10
thermal,10
trace,10
phone,10
xml,10
nearest,10
degree,10
drive,10
develop,10
inverse,10
vertex,10
receiver,10
concept,10
controller,10
series,10
thresholding,10
side,10
complete,10
bay,10
difference,10
signature,10
modulus,10
frequent,10
requirements,10
aware,10
expression,10
neighborhood,10
reliable,10
queue,10
pack,10
equilibria,10
view,10
tight,10
interpretation,10
registration,10
weak,9
resources,9
repair,9
minimize,9
polynomials,9
portfolio,9
satisfiability,9
java,9
conjecture,9
lattice,9
basis,9
benchmark,9
simultaneous,9
principles,9
bite,9
preserve,9
market,9
technologies,9
isomorphism,9
thresholds,9
integer,9
ten,9
quantization,9
nondeterministic,9
engine,9
principle,9
introduction,9
recommender,9
f,9
us,9
energyefficient,9
guide,9
explore,9
abstraction,9
google,9
tradeoffs,9
direction,9
robotic,9
highly,9
ensemble,9
byzantine,9
descriptor,9
autonomous,9
euclidean,9
interactions,9
classifier,9
variational,9
pass,9
characterize,9
vehicular,9
ieee,9
mixtures,9
reference,9
hardness,9
agreement,9
many,9
arabic,9
perfect,9
package,9
acquisition,9
modal,9
multicell,9
relevance,9
reversible,9
indoor,9
ii,9
concurrency,9
quantify,9
coherence,9
unknown,9
orient,8
multiplication,8
reliability,8
assess,8
priority,8
manet,8
regret,8
ring,8
modular,8
multiobjective,8
boost,8
trend,8
cross,8
products,8
pairwise,8
manets,8
devicetodevice,8
history,8
usage,8
cascade,8
cancellation,8
passive,8
transmit,8
investigation,8
compact,8
admission,8
systematic,8
fully,8
work,8
spread,8
adhoc,8
piecewise,8
dissemination,8
failures,8
log,8
academic,8
individual,8
response,8
importance,8
wiretap,8
norm,8
investigate,8
coverage,8
theoretical,8
book,8
family,8
formulation,8
projection,8
split,8
session,8
enable,8
various,8
edit,8
dependent,8
maintenance,8
standard,8
competition,8
p,8
critical,8
elements,8
et,8
default,8
relations,8
associative,8
chinese,8
handwritten,8
aid,8
explicit,8
steganography,8
higherorder,8
suffix,8
statistics,8
competitive,8
art,8
across,8
multicore,8
maximize,8
warehouse,8
multiclass,8
extensions,8
audio,8
ant,8
refinement,8
pursuit,8
question,8
antennas,8
hop,8
periodic,8
dynamical,8
pushdown,8
wind,8
vote,8
benefit,8
positive,8
focus,8
special,8
recurrence,7
criteria,7
disease,7
cpu,7
segment,7
removal,7
paradigm,7
spatiotemporal,7
device,7
prior,7
better,7
possibilistic,7
brain,7
validation,7
analog,7
force,7
taxonomy,7
regenerate,7
kmeans,7
secondorder,7
mismatch,7
collective,7
physicallayer,7
paper,7
generative,7
clique,7
categorization,7
projections,7
four,7
introduce,7
email,7
multicast,7
hyperbolic,7
calculation,7
optimum,7
realworld,7
span,7
meet,7
instantly,7
verify,7
ubiquitous,7
inventions,7
constructions,7
universality,7
la,7
multiway,7
gametheoretic,7
accelerate,7
walk,7
uk,7
crowdsourcing,7
multipath,7
asymmetric,7
peertopeer,7
congestion,7
examples,7
nearoptimal,7
normalize,7
wimax,7
nonmonotonic,7
parity,7
matroids,7
concentration,7
decisiontheoretic,7
mds,7
modify,7
tweet,7
svm,7
unique,7
fit,7
criterion,7
pomdps,7
symbolic,7
topic,7
sufficient,7
lte,7
contextual,7
evolve,7
next,7
second,7
api,7
lattices,7
decompositions,7
scan,7
mac,7
decisionmaking,7
tsp,7
external,7
reveal,7
handle,7
vectors,7
explanations,7
close,7
character,7
delivery,7
failure,7
rough,7
methodology,7
worstcase,7
imperfect,7
redundancy,7
decodable,7
relationships,7
lexical,7
shift,7
exchange,7
bias,7
private,7
sentiment,7
provide,7
persistent,7
core,7
boundary,7
chaotic,7
electric,7
multiantenna,7
commercial,7
uniqueness,7
opinion,7
dempstershafer,7
energyaware,7
conceptual,7
operate,7
job,7
csi,7
firstorder,7
selfassembly,7
sensitive,7
visualization,7
instance,7
multiarmed,6
wsns,6
efficiently,6
contract,6
hindex,6
manifold,6
reactive,6
hand,6
comprehensive,6
rich,6
logical,6
fair,6
enterprise,6
course,6
bibliometric,6
normal,6
asymptotically,6
"eighty thousand, two hundred and eleven",6
subgraphs,6
road,6
triangulations,6
element,6
attention,6
total,6
know,6
solvers,6
english,6
precision,6
des,6
grammars,6
zero,6
life,6
knapsack,6
input,6
conflict,6
turing,6
erasure,6
vehicle,6
intrusion,6
memoryless,6
truth,6
publish,6
loop,6
surveillance,6
marginal,6
collections,6
exploration,6
homology,6
vulnerability,6
sound,6
accurate,6
elliptic,6
lambda,6
identity,6
cultural,6
reward,6
instruction,6
scalability,6
achievable,6
generator,6
feasibility,6
infer,6
facility,6
spline,6
anneal,6
cad,6
dense,6
assembly,6
prune,6
gas,6
bidirectional,6
implementations,6
modern,6
relation,6
adapt,6
closure,6
head,6
conversion,6
indicators,6
theorems,6
drug,6
tolerant,6
protein,6
descent,6
healthcare,6
hierarchies,6
duality,6
permutations,6
team,6
parse,6
budget,6
computations,6
multilevel,6
early,6
multiscale,6
embeddings,6
offline,6
initial,6
multirobot,6
recognize,6
decisions,6
majority,6
dominate,6
affine,6
cipher,6
annotation,6
attribute,6
choice,6
onedimensional,6
contextaware,6
fractional,6
hypergraphs,6
families,6
visible,6
restoration,6
sustainability,6
observer,6
determine,6
limitations,6
join,6
secondary,6
concepts,6
music,6
amplifyandforward,6
configuration,6
teach,6
decoder,6
reedsolomon,6
gpus,6
flowgraphs,6
decide,6
adoption,6
forest,6
recent,6
guard,6
enumeration,6
round,6
dependency,6
descriptors,6
assumption,6
organization,6
vehicles,6
testable,6
confidence,6
temporally,6
selforganizing,6
summarization,6
homogeneous,6
continuoustime,6
heuristics,6
improvements,6
travel,6
perform,6
environmental,6
robotics,6
r,6
centrality,6
dimensionality,6
intersection,6
implement,6
help,6
2d,6
health,6
mass,6
lp,6
rewrite,6
double,6
divergence,5
scope,5
recommendations,5
twenty,5
adversarial,5
contextfree,5
contain,5
voip,5
crowd,5
derivatives,5
npcomplete,5
coq,5
characterizations,5
pilot,5
controllers,5
mathematica,5
multimodal,5
author,5
radar,5
semidefinite,5
navigation,5
fractal,5
summary,5
collapse,5
multilayer,5
overlay,5
p2p,5
cubic,5
unstructured,5
biological,5
prefix,5
analytics,5
multiplicative,5
hierarchy,5
skew,5
cancer,5
regularization,5
clinical,5
biomedical,5
polygons,5
electrical,5
connection,5
texture,5
epidemic,5
draw,5
mdps,5
distortion,5
ideal,5
viral,5
monte,5
miss,5
termination,5
trajectory,5
observations,5
movement,5
leverage,5
abelian,5
integrity,5
electricity,5
implicit,5
carlo,5
migration,5
inputoutput,5
awareness,5
engines,5
primary,5
reality,5
perception,5
score,5
almost,5
completeness,5
coalgebras,5
grobner,5
expanders,5
consistent,5
keyboards,5
keep,5
grade,5
wlans,5
dsp,5
disambiguation,5
gabor,5
regulatory,5
age,5
fairness,5
selective,5
five,5
dependencies,5
iteration,5
clock,5
bandit,5
multiview,5
protect,5
benchmarking,5
near,5
regions,5
neighbour,5
priors,5
les,5
server,5
relaxations,5
abstractions,5
scenario,5
personalize,5
voice,5
frameworks,5
relationship,5
specific,5
nash,5
definitions,5
augment,5
colony,5
basic,5
central,5
simplify,5
restrict,5
lightweight,5
culture,5
keyboard,5
ip,5
tune,5
epistemic,5
runtime,5
hypothesis,5
watermarking,5
sphere,5
mould,5
countries,5
quasicyclic,5
procedure,5
timeseries,5
unit,5
experts,5
progressive,5
talk,5
multiparty,5
inspire,5
transformations,5
singular,5
activities,5
mode,5
oracle,5
acoustic,5
inequality,5
stabilize,5
identities,5
iterate,5
nonparametric,5
regional,5
opportunities,5
education,5
longest,5
minutiae,5
ontologies,5
two thousand and twelve,5
synchronize,5
behavioral,5
faulttolerant,5
discover,5
middleware,5
parallelism,5
require,5
substitution,5
combinations,5
tolerance,5
gain,5
multicasting,5
drift,5
sar,5
aspects,5
estimators,5
sourcechannel,5
pid,5
nonstationary,5
lempelziv,5
fundamental,5
endtoend,5
pair,5
nt,5
sketch,5
solver,5
intrinsic,5
satellite,5
production,5
orchestration,5
superposition,5
quasi,5
interfaces,5
mri,5
inclusion,5
inversion,5
safe,5
ensembles,5
schema,5
delaunay,5
cognition,5
root,5
units,5
bottleneck,5
assist,5
certain,5
shannon,5
randomness,5
locality,5
repeat,5
current,5
mimoofdm,5
slime,5
read,5
tail,5
gesture,5
axiomatic,5
circular,5
give,5
membership,5
influential,5
programmable,5
disjunctive,5
table,5
population,5
hole,5
platforms,5
laws,5
multirate,5
onebit,5
negative,5
form,5
utilize,5
tile,5
execution,5
receivers,5
asp,5
operational,5
division,5
blocklength,5
economic,5
inequalities,5
literature,5
move,5
inductive,5
agile,5
example,5
operation,4
unipolar,4
eye,4
debug,4
physics,4
privacypreserving,4
existence,4
noncoherent,4
multiterminal,4
ergodic,4
gi,4
modularity,4
spatiallycoupled,4
architectural,4
elicitation,4
even,4
tether,4
regulation,4
zone,4
invite,4
wave,4
eeg,4
manipulation,4
csp,4
incidence,4
classifiers,4
counter,4
multivariate,4
specification,4
jam,4
symmetry,4
specify,4
proximity,4
comparisons,4
mitigate,4
3sat,4
correction,4
patients,4
calculi,4
wlan,4
reconfigurable,4
trade,4
enumerate,4
timevarying,4
multimode,4
plane,4
seed,4
home,4
javascript,4
patch,4
df,4
usability,4
svd,4
emotions,4
among,4
automatically,4
stack,4
derive,4
dictionaries,4
journals,4
synthesize,4
multiresolution,4
triangle,4
pagerank,4
auxiliary,4
generalizations,4
bioinformatics,4
scenes,4
elementary,4
fmri,4
electronic,4
connections,4
patent,4
revision,4
translate,4
speak,4
secret,4
crosslayer,4
discretization,4
stock,4
separate,4
break,4
predicate,4
ttc,4
domainspecific,4
collection,4
formula,4
anarchy,4
cop,4
extremal,4
mr,4
underlie,4
phishing,4
produce,4
wideband,4
elimination,4
highdimensional,4
metaheuristic,4
ict,4
cyber,4
informative,4
dscdm,4
explanation,4
quick,4
determination,4
incentive,4
spherical,4
resilience,4
discount,4
white,4
transportation,4
equivalences,4
android,4
beliefs,4
scalar,4
well,4
extreme,4
automorphism,4
unary,4
components,4
minimax,4
pour,4
informationtheoretic,4
algebras,4
participatory,4
prioritize,4
motor,4
browse,4
define,4
isolation,4
page,4
stretch,4
genome,4
generators,4
peer,4
mathbb,4
add,4
hinfinity,4
femtocell,4
ultimate,4
oxazoles,4
bend,4
bitwise,4
transport,4
homomorphic,4
microscopic,4
step,4
ton,4
integers,4
modules,4
theories,4
kolmogorov,4
halfduplex,4
multisensor,4
significant,4
knearest,4
kinetic,4
dans,4
voltage,4
self,4
arc,4
leastsquares,4
unconstrained,4
post,4
chordal,4
adverse,4
intel,4
truthful,4
redundant,4
distinguish,4
nonlocal,4
nonconvex,4
interest,4
timefrequency,4
facial,4
advertise,4
players,4
proactive,4
h,4
dataflow,4
uncertainties,4
gaussians,4
telecommunication,4
onehop,4
actor,4
syntax,4
students,4
outage,4
follow,4
tv,4
imputation,4
plant,4
transmitter,4
velocity,4
resolve,4
bid,4
normalization,4
urban,4
run,4
laplacian,4
shadow,4
settings,4
reputation,4
grammar,4
observation,4
disk,4
equalization,4
band,4
specifications,4
decidable,4
perceptual,4
unbounded,4
fixedparameter,4
demand,4
backhaul,4
invariant,4
primitive,4
svms,4
replicate,4
background,4
prove,4
nonbinary,4
shop,4
infection,4
subsets,4
tractability,4
bisimulations,4
lifetime,4
adjustment,4
margin,4
gate,4
mixture,4
capture,4
available,4
equivalent,4
contextspecific,4
rigid,4
resilient,4
merge,4
lyapunov,4
request,4
complexes,4
hull,4
call,4
bilateral,4
highlevel,4
expectation,4
principal,4
discreteevent,4
deviation,4
forward,4
covariance,4
incorporate,4
client,4
progress,4
necessary,4
c,4
cliques,4
parallelize,4
signatures,4
store,4
oxazolines,4
flash,4
ai,4
transmissions,4
airborne,4
city,4
compositional,4
additive,4
volumetric,4
spike,4
avoidance,4
predictability,4
operator,4
materials,4
confidential,4
cells,4
testbed,4
variability,4
discourse,4
neurons,4
scenarios,4
canonical,4
macwilliams,4
messagepassing,4
poisson,4
nosql,4
amplification,4
lazy,4
visualize,4
contribution,4
lemma,4
pulse,4
indian,4
argumentation,4
leaders,4
synthetic,4
barrier,4
paradigms,4
explain,4
preprocessing,4
frequencies,4
blood,4
via,4
categorical,4
unreliable,4
pressure,4
evidential,4
participation,4
fpt,4
kleene,4
creation,4
people,4
matter,4
memories,4
volume,4
medium,4
elearning,3
boltzmann,3
ability,3
complement,3
cause,3
ram,3
workflows,3
educational,3
coherent,3
flexibility,3
financial,3
meter,3
bridge,3
dct,3
nonasymptotic,3
hybridization,3
scatter,3
enumerators,3
sip,3
society,3
finegrained,3
publications,3
several,3
let,3
radial,3
xeon,3
latency,3
networkcoded,3
causality,3
syntactic,3
4g,3
dsuwb,3
quantification,3
discretetime,3
localitysensitive,3
misbehavior,3
border,3
cybercrime,3
potts,3
nextgeneration,3
bibliometrics,3
arise,3
maxmin,3
standardization,3
sharp,3
bandwidth,3
bangla,3
worst,3
compatible,3
proper,3
gsm,3
multilinear,3
admissibility,3
commutative,3
realize,3
internal,3
bgp,3
wheel,3
selforganization,3
rotation,3
conjunctive,3
screen,3
protection,3
industrial,3
intermittent,3
last,3
pose,3
setmembership,3
optimisation,3
equational,3
polymatroids,3
eleven,3
hypergraph,3
federate,3
stag,3
distributional,3
university,3
provers,3
addition,3
exploratory,3
scalefree,3
hpc,3
chile,3
creative,3
constacyclic,3
transactional,3
forty,3
nominal,3
capacities,3
inpainting,3
markovian,3
tumor,3
neighborhoods,3
overload,3
phi,3
interconnect,3
rdf,3
route,3
estimator,3
electoral,3
contour,3
controllability,3
correspondence,3
remove,3
closedform,3
realistic,3
locations,3
selforthogonal,3
myopic,3
bag,3
null,3
mental,3
effort,3
variation,3
happy,3
adder,3
wordnet,3
slice,3
smartphones,3
circle,3
module,3
leach,3
collapsible,3
bittorrent,3
bad,3
ternary,3
rise,3
cliquewidth,3
gradients,3
scene,3
vertical,3
account,3
hungary,3
lock,3
np,3
bethe,3
photovoltaic,3
periodicity,3
timevariant,3
fragment,3
subdivision,3
dn,3
workload,3
kuser,3
structurally,3
treatment,3
pmu,3
proposal,3
multithreaded,3
successive,3
overlap,3
usable,3
wavelets,3
journal,3
phenomenon,3
overhead,3
ic,3
orientation,3
inspection,3
forensics,3
lossless,3
magnitude,3
e,3
subgraph,3
illusion,3
factorizations,3
standards,3
cryptographic,3
propositional,3
always,3
dependence,3
tomography,3
saliency,3
2colorable,3
persistence,3
complexvalued,3
kriging,3
primal,3
constellation,3
tutorial,3
windows,3
mathcal,3
observability,3
formalize,3
race,3
synchronous,3
national,3
homomorphism,3
illumination,3
thread,3
coexistence,3
cyberphysical,3
shafer,3
past,3
broadband,3
save,3
endogenous,3
logistic,3
rectangles,3
anytime,3
simd,3
botnet,3
backward,3
selfinterference,3
preferences,3
sixty,3
observe,3
ell_1,3
ehealth,3
choose,3
consequences,3
speaker,3
years,3
preservation,3
subset,3
variance,3
sleep,3
sigma,3
purpose,3
outsource,3
statecharts,3
undirected,3
virtualization,3
blue,3
certify,3
sector,3
simulator,3
sublinear,3
walrasian,3
manycore,3
selfish,3
arq,3
highspeed,3
creativity,3
composite,3
erp,3
junction,3
express,3
activation,3
repository,3
multiprocessor,3
gabidulin,3
coefficients,3
digraphs,3
triangulation,3
imagery,3
memristor,3
organizational,3
mumimo,3
cryptanalysis,3
bug,3
polytope,3
speckle,3
graphics,3
items,3
approximately,3
diffusive,3
replace,3
histogram,3
chord,3
flight,3
nearly,3
rural,3
green,3
trianglefree,3
variant,3
advice,3
barriers,3
another,3
consumer,3
rfid,3
valuations,3
sampleddata,3
deviations,3
realvalued,3
mind,3
lasso,3
enforcement,3
subjective,3
lessons,3
developments,3
offset,3
damage,3
developer,3
unconventional,3
haar,3
memristive,3
calculate,3
tabulation,3
highorder,3
verifiable,3
care,3
effectiveness,3
spotty,3
prevention,3
need,3
degrade,3
replication,3
column,3
peerreview,3
collaboration,3
mpi,3
mappings,3
type2,3
divideandconquer,3
mitigation,3
relayassisted,3
textual,3
representable,3
website,3
tamil,3
roles,3
interact,3
hadoop,3
en,3
isometric,3
ants,3
classify,3
mcmc,3
relax,3
multitask,3
get,3
computability,3
monotone,3
growth,3
precise,3
top,3
fire,3
censorship,3
malware,3
back,3
computers,3
discrepancy,3
perturbation,3
turbo,3
acceleration,3
intractable,3
emotion,3
un,3
myth,3
multipleantenna,3
prepare,3
petrinets,3
propagate,3
liquid,3
randomnessefficient,3
logics,3
needle,3
play,3
relevant,3
omegaregular,3
spanners,3
integrality,3
rrt,3
invariants,3
accelerometer,3
multipliers,3
dominance,3
behind,3
stepwise,3
multiplyconnected,3
anisotropic,3
serviceoriented,3
http,3
maturity,3
allow,3
positivity,3
interpret,3
multichannel,3
considerations,3
reactions,3
prime,3
successor,3
permutation,3
individuals,3
descriptions,3
look,3
identical,3
rationality,3
interoperability,3
discipline,3
planarity,3
ann,3
dwt,3
curvature,3
computable,3
cite,3
alternative,3
stop,3
selfdual,3
wikipedia,3
simplification,3
normative,3
topdown,3
reverse,3
al,3
frontier,3
atlas,3
oneshot,3
permissions,3
guidance,3
weakly,3
mirror,3
bitcoin,3
bisimulation,3
solid,3
vulnerabilities,3
assumptions,3
offload,3
air,3
lens,3
polyhedra,3
best,3
silent,3
arm,3
coalgebraic,3
prostate,3
institutions,3
transceiver,3
intuitionistic,3
1bit,3
jfss,3
supply,3
alzheimer,3
detail,3
zigbee,3
derivative,3
wild,3
wing,3
plugandplay,3
decimation,3
minmax,3
nest,3
bus,3
bimatrix,3
school,3
rateless,3
weather,3
detector,3
select,3
integrals,3
heart,3
wisdom,3
ordinal,3
electromagnetic,3
transitive,3
restructure,3
workers,3
naive,3
amplitude,3
expressive,3
multipoint,3
wifi,3
star,3
foundations,3
localize,3
variations,3
x,3
water,3
saturation,3
student,3
stationary,3
coinductive,3
morphological,3
gossip,3
latin,3
backpropagation,3
sinr,3
quasistatic,3
scholar,3
collision,3
correct,3
portal,3
easy,3
player,3
transactions,3
dominant,3
ecommerce,3
insight,3
funnyqt,3
polylogarithmic,3
imprecise,3
eavesdroppers,3
unification,3
triz,3
subject,3
datalog,3
definition,3
reconfiguration,3
deal,3
worlds,3
acyclic,3
park,3
sp,3
insights,3
geospatial,3
old,3
flip,3
idea,3
go,3
isolate,3
strongly,3
hyperspectral,3
camera,3
matlab,3
angular,3
lookup,3
multipole,3
smallworld,3
periods,3
law,3
involve,3
interferenceaware,3
site,3
beat,3
spectra,3
zerodelay,3
valuation,3
triangular,3
ltl,3
print,3
quantize,3
preferential,3
zeroforcing,3
bioacoustic,3
configurations,3
contrast,3
success,3
disjoint,3
b,3
phoneme,3
imperative,3
live,3
dirichlet,3
csm,3
longitudinal,3
jpeg,3
methodologies,3
max,3
bond,3
chemical,3
allocations,3
cutset,3
snr,3
decomposable,3
demographic,3
pet,3
recover,3
recursion,3
take,3
trajectories,3
industry,3
stabilization,3
zeropoint,3
fountain,3
consumers,3
sql,3
reservation,3
proposition,3
indicator,2
comp,2
topologies,2
documentation,2
coalitional,2
qlearning,2
layouts,2
c45,2
visitor,2
olap,2
strip,2
"eighty thousand, two hundred and sixteen",2
vertices,2
cameras,2
harq,2
monomial,2
blockmodel,2
characteristic,2
noc,2
compositionality,2
backups,2
linguistic,2
timedomain,2
mixedmembership,2
mmt,2
description,2
w,2
colour,2
extensive,2
massively,2
provider,2
unfold,2
squeeze,2
revise,2
clutter,2
driver,2
fraud,2
thirty,2
vanets,2
omega,2
goppa,2
chordless,2
skills,2
interdependent,2
geographical,2
suite,2
address,2
axiomatization,2
backoff,2
domaininvariant,2
mt,2
organizations,2
establish,2
colorful,2
rician,2
triple,2
multiply,2
cpugpu,2
onecounter,2
cech,2
querydriven,2
survival,2
productivity,2
une,2
strategyproof,2
adaboost,2
nonmalleable,2
borrow,2
paraconsistent,2
xpath,2
ct,2
geotagged,2
mse,2
negotiation,2
objective,2
organisation,2
delaytolerant,2
nonzeros,2
ambiguity,2
rapid,2
advancements,2
autotuning,2
reproducible,2
surprise,2
option,2
facesketch,2
dynamically,2
succinct,2
requirement,2
token,2
marc,2
safety,2
workloads,2
reservoir,2
vanet,2
artifact,2
adversary,2
anonymous,2
undecidable,2
diversification,2
lead,2
instrument,2
turbine,2
solvable,2
anomaly,2
fedora,2
pso,2
end,2
material,2
concatenation,2
powerful,2
atl,2
hindi,2
underdetermined,2
slot,2
feedforward,2
corrupt,2
wrt,2
hmm,2
augmentation,2
payoff,2
status,2
inhibitors,2
closeness,2
ambiguous,2
allpairs,2
nmf,2
epon,2
declarative,2
formulas,2
domination,2
quasilinear,2
contagious,2
candidates,2
innovations,2
subexponential,2
entropyinfluence,2
qcldpc,2
residential,2
command,2
significance,2
primer,2
cumulative,2
maintain,2
deliver,2
rn,2
one hundred,2
mutational,2
interconnection,2
superfast,2
zeroerror,2
injectivity,2
reductions,2
expect,2
sumrate,2
containment,2
carrier,2
framelets,2
determinants,2
schedulers,2
dns,2
priori,2
enrich,2
metaheuristics,2
useful,2
applicationaware,2
resourcesync,2
blogosphere,2
poll,2
car,2
puncture,2
perceptron,2
effectivization,2
ancient,2
coldstart,2
integral,2
whole,2
delaysensitive,2
lensfocusing,2
opensource,2
tissue,2
nk,2
stratify,2
behaviour,2
vehicletovehicle,2
procedural,2
inapproximability,2
gbs,2
compensation,2
binarization,2
grasp,2
humans,2
mashup,2
domestic,2
soap,2
essence,2
ecosystems,2
encoder,2
window,2
formations,2
crosswind,2
proximal,2
karhunenloeve,2
cpnets,2
hub,2
facebook,2
bitmap,2
slepianwolf,2
testability,2
borel,2
logarithm,2
f3,2
averagecase,2
whether,2
14th,2
notification,2
employ,2
popular,2
brightness,2
outlier,2
percolation,2
foreground,2
invariance,2
passivity,2
refine,2
compound,2
defence,2
outdoor,2
modeldriven,2
floatingpoint,2
xor,2
really,2
union,2
responses,2
mmse,2
rip,2
probe,2
lose,2
preference,2
baroque,2
collect,2
publishers,2
kmedian,2
compressor,2
goals,2
oil,2
transferable,2
derandomization,2
researchers,2
aspect,2
attract,2
rectangular,2
universally,2
obstacles,2
clean,2
spectrogram,2
door,2
dags,2
finiteblocklength,2
adaptivity,2
suspicious,2
vssnlms,2
ell_p,2
repairable,2
semicomputable,2
override,2
priorindependent,2
jump,2
spanish,2
cryptosystems,2
parabolic,2
battery,2
country,2
fuzzypi,2
fundamentals,2
c11,2
goaldirected,2
neuroscience,2
unlabeled,2
brief,2
lemmas,2
fence,2
enough,2
premier,2
taverna,2
expensive,2
observable,2
directionality,2
much,2
sparsest,2
anatomy,2
conservation,2
amalgam,2
fc,2
semideterministic,2
realizability,2
semi,2
colorectal,2
utilization,2
router,2
vcg,2
spaceefficient,2
constants,2
metro,2
egovernance,2
linearity,2
maxpooling,2
inertial,2
polynomialtime,2
insertions,2
axioms,2
ethernet,2
spin,2
isms,2
rethink,2
codebook,2
campaign,2
digraph,2
preamble,2
hypercubes,2
little,2
ctl,2
geolocated,2
topologically,2
room,2
alamouti,2
sos,2
obtain,2
diesel,2
realization,2
keyphrases,2
vary,2
arguments,2
telecommand,2
certainty,2
ball,2
loopy,2
provision,2
fiction,2
viewpoint,2
mceliece,2
grow,2
defeasible,2
exclusion,2
flood,2
countable,2
justify,2
pad,2
fixedtovariable,2
timespace,2
moocs,2
analyzer,2
identifiability,2
proxy,2
programmers,2
modulators,2
contraction,2
nonconstant,2
airspace,2
four hundred and thirty-three,2
perceptrons,2
party,2
decentralise,2
impairments,2
hereditarily,2
cactus,2
multiattribute,2
tour,2
temperature,2
hvac,2
topical,2
pathways,2
transparent,2
strict,2
bacterium,2
osn,2
q,2
hermitian,2
reach,2
conjugate,2
main,2
severe,2
mosden,2
judgment,2
create,2
suggest,2
nondeterminism,2
h37rv,2
countermeasures,2
preventive,2
softwaredefined,2
deletions,2
expansions,2
spot,2
period,2
authorship,2
samplers,2
leq,2
manual,2
arborescence,2
pathfinder,2
echo,2
modifiedcs,2
achievability,2
sideinformation,2
independences,2
semiautomated,2
nonnegative,2
b2c,2
zoo,2
inputting,2
genetics,2
diameter,2
chi,2
unsatisfiable,2
similar,2
mouse,2
marginals,2
timetabling,2
consecutive,2
artifacts,2
inner,2
eliminate,2
paradox,2
chilean,2
resistive,2
80211a,2
nonzerosum,2
intensity,2
leakage,2
rigidity,2
timecritical,2
dune,2
traitor,2
subtraction,2
riemannian,2
behavioural,2
contention,2
biomedicine,2
automaton,2
sir,2
conventions,2
pathloss,2
forensic,2
render,2
drivers,2
dropout,2
lan,2
functionally,2
deflation,2
unconditionally,2
textures,2
cud,2
manipulate,2
3gpp,2
finitely,2
iranian,2
subspaces,2
nouns,2
repetition,2
tcp,2
setups,2
sift,2
postman,2
mbr,2
semantically,2
areas,2
hoover,2
land,2
draft,2
developers,2
fresh,2
awgn,2
splines,2
indirect,2
softcell,2
notion,2
scopus,2
euler,2
experimentation,2
deletion,2
upgrade,2
reeb,2
uwb,2
sd,2
superpatterns,2
write,2
leader,2
moisture,2
visuospatial,2
manager,2
detectors,2
minimisation,2
inefficiency,2
certificate,2
multilingual,2
fengrao,2
nonoverlapping,2
insertion,2
hol,2
relaxation,2
socially,2
vol,2
triangles,2
rare,2
quantifier,2
retention,2
restrictions,2
noisyor,2
sharedmemory,2
haskell,2
down,2
deploy,2
sensorless,2
backlog,2
credible,2
lie,2
firewalls,2
ancestor,2
probably,2
subsumption,2
evolvability,2
anonymity,2
biologically,2
af,2
asymptotics,2
parallelization,2
enterprises,2
elgamal,2
reaction,2
ar,2
morphisms,2
performant,2
worth,2
multisource,2
santiago,2
intervals,2
polarity,2
decrease,2
pocs,2
quantizer,2
payment,2
contexts,2
reversal,2
maxout,2
centralize,2
plurality,2
contact,2
simplex,2
template,2
backpressure,2
diseases,2
locomotion,2
timereversible,2
propogation,2
refinements,2
shapley,2
due,2
multiplayer,2
motif,2
evacuation,2
bilinear,2
lms,2
satisfy,2
equation,2
throughputoutage,2
3dimensional,2
departure,2
accelerator,2
toy,2
andor,2
completely,2
linux,2
infrared,2
youtube,2
pharma,2
translationinvariant,2
raw,2
actuator,2
underwater,2
separable,2
executable,2
chaos,2
accumulation,2
elastic,2
friends,2
election,2
threeelement,2
homological,2
gestion,2
smt,2
betweenness,2
cosine,2
mutation,2
container,2
extensible,2
therapy,2
angle,2
situation,2
inconsistent,2
propose,2
competitiveness,2
ultrasound,2
multipleaccess,2
topk,2
hugin,2
ultrawideband,2
coexist,2
largest,2
contributions,2
texts,2
depth,2
reflections,2
inheritance,2
turn,2
proportional,2
september,2
style,2
eventtriggered,2
peel,2
ascent,2
prioritization,2
harmony,2
fold,2
lowlevel,2
collisions,2
iptv,2
scrum,2
correlations,2
highquality,2
dissipative,2
onetape,2
ids,2
highthroughput,2
pool,2
ratios,2
witness,2
fitness,2
autocoding,2
longterm,2
mathematics,2
grassmannian,2
members,2
multicarrier,2
european,2
uml,2
amoeba,2
royal,2
sonar,2
reflection,2
semiflower,2
pure,2
incentives,2
triangulate,2
south,2
destination,2
cochannel,2
instantiation,2
monadic,2
dead,2
versatile,2
audit,2
indistinguishable,2
compliance,2
mammalian,2
dempster,2
origin,2
kserver,2
simpler,2
centre,2
stepsize,2
metroline,2
penetration,2
eventdriven,2
forgery,2
subnyquist,2
cdot,2
knn,2
fibonacci,2
wynerziv,2
moment,2
anomalous,2
jungle,2
simplicial,2
constructive,2
workflow,2
sweep,2
tuberculosis,2
lockfree,2
households,2
offthegrid,2
transducers,2
derivation,2
conformal,2
m2m,2
possibilities,2
1st,2
trigger,2
dialogue,2
recombination,2
semantique,2
threeweight,2
pseudo,2
continuum,2
rayleigh,2
exactrepair,2
annotations,2
outline,2
aka,2
processors,2
spiral,2
solvability,2
gf,2
entanglement,2
trap,2
pdes,2
exclude,2
snomed,2
rumor,2
schedulability,2
aloha,2
japanese,2
lmmse,2
plate,2
oracles,2
causation,2
reactiondiffusion,2
half,2
permanent,2
present,2
choices,2
edition,2
logarithmic,2
lyndon,2
extractor,2
stereo,2
salesman,2
sgd,2
huffman,2
ghz,2
pebbling,2
associate,2
blas,2
coin,2
enduser,2
directory,2
goal,2
indices,2
lowcost,2
singleuser,2
outperform,2
spray,2
swap,2
elderly,2
scholars,2
probable,2
chart,2
monad,2
particular,2
stabilizer,2
intensional,2
describe,2
india,2
calibration,2
prefetching,2
geography,2
baseband,2
assignments,2
seamless,2
discontinuous,2
legacy,2
collisionfree,2
comment,2
aperture,2
emerge,2
discrimination,2
socs,2
idempotent,2
august,2
movers,2
colon,2
orbit,2
underlay,2
annual,2
desktop,2
archive,2
bootstrap,2
supplier,2
_,2
sustain,2
formulations,2
enzymes,2
outer,2
fixedpoint,2
ultrametric,2
corpus,2
gui,2
amplifiers,2
money,2
imply,2
bricks,2
smallset,2
citations,2
erm,2
analogy,2
march,2
nakagamim,2
skos,2
concatenate,2
traditional,2
finiteness,2
graphtheoretic,2
ls,2
datadriven,2
paxos,2
dtn,2
procedures,2
semigroups,2
determinant,2
ychannel,2
tutor,2
rearrangement,2
keyword,2
raid,2
g,2
rejection,2
confine,2
handover,2
altruistic,2
german,2
variablelength,2
negation,2
virality,2
copy,2
lowdelay,2
offer,2
blockfading,2
qgaussian,2
fight,2
minibatch,2
multiparameter,2
symbol,2
children,2
mechanical,2
mucalculus,2
ephemeral,2
rgbd,2
clone,2
adversaries,2
perturbations,2
portuguese,2
oscillator,2
billion,2
solar,2
puzzle,2
credential,2
earth,2
cornell,2
pakistan,2
modulo,2
crossover,2
converse,2
existential,2
speculative,2
semilinear,2
landscape,2
roc,2
iaas,2
organize,2
resistance,2
simply,2
thank,2
neutrosophic,2
cryptosystem,2
structuralmodel,2
multiunit,2
recoverable,2
dispersive,2
deadline,2
rotations,2
sparql,2
historical,2
arrangement,2
variances,2
truncation,2
false,2
macro,2
compilation,2
fly,2
urdu,2
correctness,2
rigorous,2
provably,2
ethical,2
posteriori,2
hyperlink,2
presentation,2
mathml,2
frobenius,2
totally,2
inverter,2
bioinspired,2
plat,2
assistance,2
dymo,2
refarming,2
belieffunction,2
rankmetric,2
gauge,2
retail,2
contractions,2
letter,2
denial,2
irs,2
csps,2
mizar,2
separability,2
powerefficient,2
return,2
expurgate,2
opencl,2
actual,2
radix,2
cities,2
coinduction,2
sufficiency,2
irregular,2
infinitestate,2
converters,2
sctp,2
examination,2
deconvolution,2
globally,2
display,2
advantage,2
trapezoidal,2
entities,2
tableau,2
perfectly,2
uncover,2
aloh,2
par,2
quaternary,2
biometric,2
bernoulli,2
errorcorrecting,2
nand,2
disc,2
de,2
conventional,2
substring,2
repulsive,2
continuation,2
pipeline,2
2nd,2
coalition,2
approximability,2
hilbert,2
granular,2
covert,2
modemultimodel,2
informasi,2
larger,2
russian,2
reconciliation,2
irreducible,2
socp,2
outcomes,2
backstepping,2
5th,2
wide,2
evaluations,2
spain,2
animation,2
templates,2
polymer,2
onepass,2
2n,2
operatorvalued,2
release,2
sigmadelta,2
id,2
bisimilarity,2
charge,2
partofspeech,2
subsystem,2
predictable,2
fibers,2
corrections,2
packetized,2
mistake,2
proportion,2
lexicon,2
residue,2
quasipolynomial,2
pebble,2
universities,2
improper,2
manmachine,2
neuromorphic,2
welfare,2
amr,2
kirchhofflawjohnsonnoise,2
itemsets,2
calibrate,2
tensors,2
foundation,2
validity,2
nonregenerative,2
ppm,2
recurrences,2
multirelational,2
overcomplete,2
gamification,2
webscale,2
lookahead,2
kalman,2
fir,2
parent,2
anonymization,2
smartphone,2
record,2
em,2
caracterizando,2
master,2
ber,2
utilities,2
pathwidth,2
dichotomy,2
softwareasaservice,2
informational,2
cartesian,2
differentially,2
obstruction,2
arxiv,2
onto,2
worker,2
shoal,2
aam,2
subcarrierpair,2
manufacture,2
powerlaw,2
emergency,2
company,2
morphology,2
l_1,2
overcome,2
chase,2
xmpp,1
scikitlearn,1
brecognisable,1
federico,1
gapt,1
postfilter,1
fiwi,1
gps,1
bdi,1
demonstration,1
randomwalk,1
3pc,1
entangle,1
recommander,1
datom,1
sclera,1
ptime,1
lll,1
minorfree,1
microblog,1
precoders,1
subway,1
ecosystem,1
tucker,1
wap,1
hennessymilner,1
logicielle,1
hausdorff,1
heron,1
opt,1
judgments,1
invade,1
apriori,1
mkm,1
aodv,1
hornsat,1
2m,1
daq,1
resonators,1
raprop,1
loglinear,1
neuron,1
santa,1
tiebreaking,1
rhythm,1
sporadic,1
"fourteen million, eight hundred and fifty-one thousand, five hundred and ten",1
modelisation,1
see,1
loadconnectivity,1
eo,1
hwt,1
essentially,1
orchive,1
ontological,1
httpi,1
holographic,1
rccoupled,1
gabriel,1
10th,1
poset,1
intensive,1
wikipulse,1
robin,1
multifactor,1
cooccurrences,1
inverters,1
lifecycle,1
reciprocal,1
fiatshamir,1
fluids,1
mlpd,1
lempelzivoberhumer,1
printer,1
simplistic,1
artificialnoise,1
blob,1
club,1
intersession,1
nonpolynomial,1
superelliptic,1
devicefree,1
carol,1
holistic,1
preorder,1
annotationfree,1
shortestpath,1
mlog,1
extrinsic,1
supremal,1
nakagami,1
digg,1
evaluatemultisums,1
compass,1
sugar,1
randomorder,1
modulations,1
vessels,1
exist,1
resize,1
opacity,1
4r,1
ratedistortion,1
latest,1
coarsen,1
oneclass,1
pml,1
ndcg,1
"one thousand, nine hundred and ninety",1
cyberforensics,1
converter,1
reckon,1
flexiblybounded,1
emarketing,1
spacesaving,1
one hundred and twenty,1
kl,1
kannada,1
topepsilon,1
insensitive,1
foot,1
upc,1
protocolindependent,1
shrinkagethresholding,1
wag,1
existsequal,1
pic,1
conscript,1
shafershenoy,1
maxrank,1
nats,1
hessian,1
lensing,1
numerics,1
conxsense,1
chapter,1
locales,1
fi,1
rationales,1
threadparallel,1
kert,1
equilateral,1
pump,1
quicklexsort,1
qcoloring,1
vesselness,1
adaptable,1
gibbs,1
therapeutic,1
constantdepth,1
utilitymaximization,1
loadfrequency,1
truthtable,1
nonstronglyconvex,1
plain,1
noninterference,1
geolocation,1
barneshutsne,1
handoff,1
helical,1
universal2,1
_2,1
wire,1
higherdimensional,1
authorities,1
marry,1
lovasz,1
singleparameter,1
thirdparty,1
wooden,1
apenet,1
geographically,1
almosteverywhere,1
dejavu,1
zerocopy,1
geodynamics,1
capacityconstrained,1
operad,1
unranked,1
synchrophasor,1
samalta,1
intercellular,1
2club,1
bagoffeatures,1
pravastatin,1
zcrease,1
daggers,1
lowresolution,1
modifiable,1
stateoftheart,1
giscience,1
pseudorandom,1
interfere,1
triaxial,1
truthfulness,1
mischief,1
11939n,1
metriclearning,1
haptic,1
posets,1
maxsinr,1
nanohuborg,1
bust,1
unman,1
tarakanov,1
astrophysics,1
sandwich,1
mixedvolume,1
corpora,1
delimitedcontrol,1
storm,1
15th,1
inblock,1
"twenty million, one hundred and two thousand and twelve",1
sociallyoptimal,1
spf,1
terrains,1
strength,1
4dvar,1
linucb,1
felfcnca,1
ising,1
able,1
unpredictable,1
cographs,1
epsilonalmost,1
cunningham,1
substitutions,1
multiples,1
snip,1
pathwise,1
sinusoidal,1
sans,1
cyclis,1
hedonic,1
fluid,1
collusionsecure,1
eventual,1
codeless,1
interurban,1
palindrome,1
wheat,1
finiteprecision,1
unforeseen,1
multidocument,1
sdd,1
rpl,1
bubble,1
bigdb,1
rowcolumn,1
jointsaliencystructure,1
spawn,1
browsers,1
dualhop,1
stm,1
pioneer,1
burstmode,1
1irregular,1
biometrics,1
industrialstrength,1
mancalog,1
speedup,1
tackle,1
gilbertvarshamov,1
disable,1
strategyproofness,1
neurodegenerative,1
criticisms,1
item,1
irreversible,1
indextuning,1
waypoint,1
libraries,1
sociologic,1
hemirings,1
tec,1
kinds,1
mln,1
las,1
warp,1
grassmann,1
iran,1
stakeholder,1
bin,1
tresilience,1
braess,1
interpretations,1
niche,1
projet,1
italian,1
uservisible,1
pmds,1
threaten,1
polymorph,1
tamilnadu,1
reinterpretation,1
grabtax,1
ultrasonically,1
multigroup,1
novice,1
prejudice,1
gbm,1
buchberger,1
semiquasizsource,1
trait,1
ab,1
unroll,1
antiferromagnetic,1
correspondences,1
soccer,1
nearthreshold,1
grams,1
modeler,1
cargo,1
levin,1
unicasting,1
numeriques,1
bspline,1
gradientdomain,1
precisely,1
petersen,1
propositionalization,1
portraits,1
intervalvalued,1
trip,1
regenerator,1
pennants,1
assyrian,1
date,1
autostabilisants,1
ecc,1
explanatory,1
socio,1
linearization,1
shrinkage,1
arthurmerlin,1
ingenieria,1
gentoo,1
tempvalue,1
manyclaw,1
ripoptimal,1
interpolants,1
subdictionaries,1
rarity,1
triadic,1
latex,1
wrap,1
rankconstrained,1
place,1
kmean,1
sextuple,1
deformable,1
spata,1
gland,1
mgsim,1
alphabetdependent,1
multifurcating,1
card,1
authorization,1
phenomena,1
rmodp,1
alertbdi,1
viterbi,1
res,1
vi,1
externalities,1
slovakia,1
mic,1
authenticate,1
transferability,1
scheduler,1
bsrs,1
laporan,1
unichord,1
middleboxes,1
minkowski,1
roadmaps,1
anticipation,1
prospect,1
bijections,1
pessimistic,1
affect,1
commonalities,1
applicable,1
thresholdcoloring,1
journaljournal,1
polylines,1
transistor,1
polyhedrons,1
occupancy,1
conjugation,1
revdedup,1
blumshubsmale,1
platoon,1
impoverishment,1
smml,1
ungraded,1
performances,1
madagascar,1
utilise,1
galgo,1
polarimetric,1
nonwork,1
rotor,1
accident,1
upperbounding,1
compose,1
definable,1
onlattice,1
faculty,1
solarstat,1
twenty-one,1
great,1
variety,1
doubly,1
stroke,1
multiplier,1
kalmanlike,1
mapaware,1
rendezvous,1
haystack,1
profit,1
taskspace,1
miniaturization,1
qfunction,1
wellspaced,1
reduct,1
dcprogramming,1
shortterm,1
contamination,1
discriminate,1
prolog,1
feedbacknash,1
eavesdropper,1
sensibility,1
multipair,1
screenoriented,1
touchdevelop,1
u,1
cyan,1
observational,1
kaidah,1
lasserre,1
cuda,1
equalizer,1
noncontiguous,1
buffer,1
corsica,1
bibliotheques,1
mv,1
odd,1
eigenvectors,1
identifiers,1
harbornet,1
arv,1
spontaneous,1
freeconfiguration,1
gnss,1
polarization,1
rationale,1
somoclu,1
spinsystem,1
applicability,1
pafimocs,1
exit,1
host,1
communicationcentric,1
systematically,1
invariable,1
numeration,1
instability,1
flashmon,1
eclipse,1
valuechain,1
riskofreadmission,1
russia,1
gateholding,1
fpga,1
speedread,1
constantenvelope,1
ngpons,1
memorability,1
tweetuserweb,1
taylor,1
neuroimaging,1
choreographies,1
densities,1
launder,1
sparc,1
benchmarked,1
credibility,1
ornitologia,1
intransitivity,1
coevolutionary,1
azure,1
simgrid,1
electronics,1
interframe,1
critique,1
1perfect,1
comb,1
aspectoriented,1
oblique,1
everyone,1
relayside,1
sketchpadnd,1
europeana,1
editorial,1
pepper,1
wish,1
virus,1
cyberinfrastructure,1
bayesoptimally,1
lip,1
antinspired,1
danger,1
arkref,1
cloudran,1
virtues,1
deductive,1
em1,1
phy,1
fe,1
mailbox,1
tech,1
tcpaqm,1
subpacketization,1
scramblesuit,1
suhramchandran,1
databaseassisted,1
nfc,1
panace,1
eirex,1
makespan,1
sizeindependent,1
couvrants,1
sectorization,1
raven,1
motivation,1
guidelines,1
ism3,1
replenishment,1
physeter,1
multirat,1
derivitive,1
braid,1
featuregathering,1
colocated,1
mash,1
counterlike,1
lognormal,1
ondemand,1
conductors,1
wellperforming,1
implicitexplicit,1
aliasing,1
widely,1
periodically,1
performanceenergy,1
magnetic,1
clientdriven,1
situational,1
png,1
infty,1
semibandit,1
galleries,1
multidisorder,1
boinc,1
trq,1
multiplexing,1
randomization,1
cuboids,1
alternatives,1
condorcet,1
defectprone,1
merrier,1
multichoice,1
pseudorandomness,1
allsymbol,1
fibrous,1
carry,1
nominaltyping,1
intersymbol,1
include,1
nonuniformity,1
nonexistence,1
polyphonic,1
promote,1
penggajian,1
kpath,1
posture,1
waveforms,1
urine,1
giveandtake,1
mimome,1
ddos,1
semistability,1
singleconcurrent,1
eblearn,1
turbines,1
multitool,1
hebbian,1
native,1
baselining,1
guess,1
bn2o,1
privilege,1
illuminationinvariant,1
scientists,1
bisection,1
extrafunctional,1
hold,1
publisher,1
unclustered,1
chill,1
nine,1
linformation,1
kd,1
threedimensional,1
markovmodulated,1
blackbox,1
photographic,1
rectilinear,1
compatibility,1
abmash,1
nightstand,1
spo2,1
specialization,1
sg,1
dysfluent,1
"eighty thousand, two hundred and twenty",1
simultaneousmove,1
visionguided,1
directional,1
pgroups,1
consent,1
waveguide,1
interplay,1
deferral,1
gear,1
condensation,1
objectives,1
minsum,1
tcloud,1
anticoordination,1
himalayan,1
nikhilam,1
computationallyoptimal,1
thirdorder,1
trists,1
delete,1
premise,1
markup,1
termitehill,1
tractography,1
pomdp,1
desingularization,1
fermionant,1
primality,1
ofdmoqam,1
cool,1
hino,1
inconsistency,1
complexshaped,1
coprocessing,1
cee,1
phientropy,1
susceptance,1
radars,1
leaky,1
selfsimilar,1
scholarly,1
twodimensional,1
3manifold,1
atom,1
attitude,1
complementarity,1
ngs,1
aks,1
tardos,1
minresqlp,1
conformity,1
undersampled,1
partite,1
thing,1
bufferaided,1
mahasiswa,1
outages,1
commerce,1
centralities,1
spider,1
rankdeficient,1
align,1
verbal,1
falsename,1
neighbourhood,1
curriculum,1
hollow,1
wexponential,1
outcome,1
precondition,1
hanover,1
fish,1
commit,1
cheegertype,1
polytopes,1
cntfet,1
license,1
fiberoptical,1
availability,1
story,1
lowdimensional,1
parameterization,1
fiscal,1
corporate,1
lcp,1
htc,1
microsimulation,1
soundtrack,1
definite,1
pspacecomplete,1
birdsong,1
firewall,1
unipath,1
cmos,1
reslve,1
timereversibility,1
thresholded,1
instructional,1
multistream,1
nosetip,1
bivalent,1
kanban,1
audience,1
connectedness,1
aposteriori,1
viscoelastic,1
resourcebounded,1
multiplemetric,1
stemmerassisted,1
freely,1
matrixmonotonic,1
vegas,1
logspace,1
kind,1
posteriors,1
competitiveratio,1
lraided,1
daily,1
photoplethysmograph,1
remark,1
textmining,1
imbalance,1
nvidia,1
f_2uf_2,1
fee,1
leadership,1
outcomedependent,1
rove,1
rectangle,1
reals,1
physicians,1
aperiodic,1
citationrank,1
exponentiation,1
altmetrics,1
ratepreserving,1
authortopictermmodel,1
federal,1
personalise,1
inmemory,1
decisional,1
breathe,1
autoencoders,1
circulararc,1
whiten,1
middle,1
irci,1
determinisation,1
networkaware,1
nature,1
lineofsight,1
touch,1
wait,1
editors,1
mems,1
discipulus,1
lda,1
subband,1
ksvd,1
graphgrammar,1
odpc,1
metabasis,1
sparsification,1
singinghumming,1
preplay,1
tuples,1
nmr,1
adjustable,1
failover,1
allreduce,1
mdp,1
klir,1
scdfe,1
heavyhitters,1
differentiation,1
l_q,1
1t,1
nystroom,1
article,1
coins13,1
chemicals,1
typicality,1
multiswarm,1
stirling,1
gujaratihindi,1
normality,1
hairpin,1
mixedtimescale,1
zerosum,1
cnfsat,1
multicommodity,1
centerpoints,1
monge,1
ownership,1
instructions,1
visibilite,1
numerals,1
informationtheoretically,1
geiringer,1
custom,1
household,1
pp,1
fano,1
elections,1
enhancements,1
l,1
therminfo,1
labelrankt,1
authenticationsecret,1
raspberry,1
generatorenumeration,1
blocksymbol,1
two thousand and nine,1
tracker,1
monoidal,1
plosmozilla,1
multistable,1
copyright,1
ambr,1
portability,1
1level,1
capabilities,1
uwsn,1
pseudoinverse,1
humanities,1
nanopublications,1
testsasproofs,1
spell,1
predominantly,1
phrase,1
adaptively,1
vers,1
leave,1
selfadaptive,1
errorrate,1
inconsistance,1
fcm,1
pedestrian,1
"twenty million, one hundred and two thousand and eleven",1
competence,1
qft,1
companion,1
termites,1
virtualreality,1
griesmer,1
qr,1
bandlimited,1
shorten,1
tale,1
frankwolfe,1
imaginary,1
zen,1
z,1
multidisciplinary,1
catalogue,1
attribution,1
reversals,1
i3,1
ld,1
shortcuts,1
cookies,1
lowest,1
ink,1
cook,1
disappointment,1
imagetags,1
pnorms,1
solvency,1
crypto,1
decidability,1
obstructions,1
enforce,1
shallow,1
championship,1
caesar,1
converge,1
ezhil,1
osc,1
physarum,1
systemlevel,1
autocalibration,1
l_qminimization,1
doublesided,1
saccades,1
facebookstyle,1
lossproportional,1
mint,1
categorize,1
binders,1
spectrometry,1
bicriteria,1
ia,1
monograph,1
contributors,1
decomposability,1
typical,1
memacs,1
ell_q,1
adulteration,1
gratification,1
declipping,1
telescopers,1
nonadaptive,1
semiring,1
sabr,1
wavy,1
informationcontent,1
cauchy,1
delphi,1
jpeg2000,1
contextfreeness,1
morse,1
microblogging,1
5star,1
tridiagonal,1
plc,1
fourth,1
extra,1
stbc,1
pathfinding,1
modernisation,1
gapfm,1
quasibayesian,1
handheld,1
superpixels,1
thermoelasticity,1
hml,1
eyegaze,1
skeletons,1
asessment,1
forestclaw,1
argument,1
connector,1
llama,1
wishart,1
unbiased,1
wider,1
irls,1
mmorpg,1
unmixing,1
thesaurus,1
cdm,1
hittingsets,1
vaccinators,1
gray,1
prophets,1
sampleoptimal,1
del,1
contrastive,1
alendronate,1
rita,1
swmath,1
falsify,1
zpez,1
siso,1
oop,1
logt,1
intertweet,1
edgecolouring,1
oligopoly,1
watchdog,1
galois,1
instantiations,1
wavestyle,1
deduplication,1
jammers,1
fliers,1
typetheoretical,1
claim,1
distributedantenna,1
ridethrough,1
blosen,1
intragroup,1
horizon,1
esmooth,1
perancangan,1
microcernvm,1
structuration,1
petition,1
capsule,1
extascid,1
devirtualizing,1
finitetime,1
atpg,1
ksetcycle,1
pandang,1
constantfactor,1
harmonization,1
economy,1
incompleteness,1
n5,1
qcsp,1
kermeta,1
kutato,1
listdecodable,1
7dof,1
imsuite,1
quaternion,1
jsim,1
biographical,1
circadian,1
peak,1
analyticity,1
kpartite,1
communautaire,1
providers,1
unauthorized,1
selfinterested,1
filterandforward,1
photo,1
invitations,1
abcsg,1
amcis,1
secretary,1
complexitystyle,1
stories,1
d2clustering,1
catodon,1
multisorted,1
naturalistic,1
replay,1
categories,1
mayoral,1
2stage,1
binocular,1
orienteering,1
avoid,1
onesided,1
imagefusion,1
macedonian,1
analusis,1
webcollaboration,1
sociological,1
codewords,1
paddy,1
indexation,1
cacheoblivious,1
myco,1
nuclear,1
shouldersurfing,1
exceed,1
onlinegaming,1
polyglot,1
vho,1
protest,1
monuments,1
gpuframework,1
startups,1
ehv,1
integerforcing,1
variants,1
folksonomy,1
credal,1
vcm,1
sequencetagging,1
adequately,1
tier,1
magnet,1
ipf,1
want,1
fft,1
multislice,1
preconditioners,1
topn,1
volumetry,1
ny,1
mit,1
implantable,1
ferromagnetic,1
concentrate,1
tuple,1
quasislc,1
recoloring,1
ric,1
waveform,1
mammograms,1
greatest,1
aspuma,1
krab,1
wastir,1
grossone,1
inplace,1
heterogenous,1
universityindustrygovernment,1
multibranch,1
myzone,1
rd,1
sheraliadams,1
hopsets,1
blockcirculant,1
rfcbir,1
programsize,1
obfuscation,1
overdetermined,1
multiobject,1
singlecrossing,1
librarians,1
gr,1
aplicados,1
browser,1
turkish,1
receptions,1
brittany,1
fou,1
dyadic,1
misanthropic,1
guinea,1
pleasantly,1
eudml,1
gomoryhu,1
coreference,1
submodels,1
simplicity,1
2x2,1
openigtlink,1
pseudosymplectic,1
biplot,1
rationalization,1
man,1
deltasigma,1
ultradiffusive,1
essentials,1
readiness,1
nonconvergent,1
two thousand and four,1
mathoverflow,1
dominators,1
inlining,1
around,1
threefold,1
lstd,1
kstar,1
normalisation,1
readevalprint,1
pcgcut,1
cfl,1
precancer,1
propto,1
watermarked,1
mrrr,1
wadge,1
ing,1
dynamiques,1
controllerdriven,1
mary,1
onevariable,1
mod,1
energt,1
deme,1
communicate,1
renal,1
diversify,1
television,1
antitrust,1
greediness,1
centric,1
mbt,1
juntas,1
10g,1
adaptiverandom,1
valuedirected,1
fpg,1
middlesolving,1
entitymetrics,1
pychometric,1
manytomany,1
graphic,1
pathology,1
redirect,1
receptor,1
typologies,1
mpe,1
convolutionalcoded,1
9th,1
costbounded,1
spreadsheets,1
buffet,1
penalty,1
bsts,1
mtf,1
lrz,1
precedence,1
analogue,1
twenty-three,1
forwardbackward,1
variantrich,1
decimaltobinary,1
nlp,1
python,1
participants,1
swati,1
nonenumerative,1
mechatronic,1
enrichment,1
rogue,1
vina,1
qemucpc,1
simo,1
biofeedback,1
fourierlaguerre,1
lag,1
semiyao,1
explotacion,1
mincut,1
bluetooth,1
prescribe,1
extrapolation,1
1399n,1
wm,1
icub,1
taubin,1
2dimensions,1
true,1
narrativisation,1
satunsat,1
welfaremaximizing,1
crosswalks,1
sink,1
copula,1
v3,1
lexemple,1
cms,1
metadata,1
former,1
iapws,1
timeofarrival,1
compensate,1
nonshannontype,1
splice,1
pt,1
characterise,1
socialize,1
cookbook,1
p100,1
zsource,1
payments,1
memoryprotection,1
hardtosolve,1
gateway,1
nepenthes,1
onthefly,1
clitics,1
portfolios,1
nc1,1
prost,1
hosvd,1
fcps,1
rls,1
recruitment,1
squarederror,1
distributability,1
hyperplanes,1
lts,1
attractive,1
coauthorship,1
negotiate,1
erbac,1
adjust,1
mataws,1
networkintegrated,1
userperceived,1
dsdv,1
interpolatory,1
riskaverse,1
analytic,1
orthogonality,1
mifimpute,1
coordinationfree,1
polynomialcomplexity,1
microscopy,1
iterativen,1
conquer,1
futurict,1
optimizer,1
economics,1
less,1
ontoverbal,1
steganographic,1
congestive,1
proposals,1
touchscreen,1
csitless,1
strictly,1
gist,1
topicspecific,1
resurrect,1
combustion,1
residual,1
goofit,1
proximityaware,1
intuitive,1
mood,1
marble,1
cmso,1
cadence,1
pfr,1
servercentric,1
vulnerable,1
anatomical,1
tabletop,1
assume,1
3color,1
unrepeated,1
picalculi,1
pacbayesian,1
idms,1
torquecontrolled,1
octave,1
etna,1
redesign,1
enumerator,1
ev,1
decompose,1
surrogate,1
multiframe,1
grammatical,1
selector,1
butterfly,1
must,1
transitivity,1
discomax,1
maxnorm,1
nlcomplete,1
cursive,1
giant,1
coupledtanks,1
ease,1
glasgow,1
furniture,1
practitionerfriendly,1
silentsense,1
micropublications,1
piggy,1
nontrivial,1
bentnesslike,1
cbr,1
dsm,1
decremental,1
squarefree,1
fptas,1
conference,1
correctbyconstruction,1
reformulate,1
productionmanagement,1
semiautomatic,1
papr,1
karyotype,1
denialofservice,1
nonlinearity,1
tagger,1
octants,1
correctable,1
loworder,1
thermostatically,1
opportunity,1
ore,1
nonmarkovian,1
channelize,1
multiindex,1
amelioration,1
mark,1
invertedclassroom,1
determiners,1
transdisciplinary,1
smmimo,1
snowball,1
two thousand,1
foreign,1
succession,1
automotive,1
nonsingleminded,1
lsb,1
largegroup,1
ptz,1
ocean,1
typethreshold,1
congruence,1
infinitary,1
selfadjusting,1
plasma,1
regulators,1
loglog,1
nonbayesian,1
tfcc,1
setcover,1
finitary,1
fca,1
vehiclepedestrian,1
pivot,1
mastermind,1
orderdegree,1
regressions,1
forty-three,1
comparisondriven,1
compile,1
propertytesting,1
peershare,1
pspacepoly,1
whitepeg,1
maker,1
ilmiah,1
diagonalize,1
partwhole,1
mrt2,1
nonequilibrium,1
autoencoder,1
airplane,1
retina,1
phcpack,1
deblurring,1
hotelling,1
l1homotopy,1
adjacentchannel,1
ce,1
listsize,1
multitouch,1
l_infty,1
tactic,1
nonpredetermined,1
frequently,1
else,1
symplectic,1
sdps,1
largetreewidth,1
folk,1
era,1
aggregatorevs,1
sessions,1
nonrigid,1
pixellevel,1
xapian,1
heer,1
standalone,1
coclones,1
randomly,1
house,1
phylogeny,1
homotopic,1
cdf,1
simon,1
geographic,1
noninvasive,1
stylize,1
woodtouch,1
firefighter,1
bioscience,1
harbinger,1
slam,1
rp,1
equalsumproduct,1
bc,1
verilog,1
antilearning,1
cacheenabled,1
entropies,1
modelguided,1
northwest,1
metaprogramming,1
mevislab,1
bruijn,1
phaseless,1
avitext,1
hexprograms,1
dipoleloaded,1
costaware,1
circumstantialevidence,1
tactile,1
coalgebraically,1
dissimilarity,1
streamworks,1
diffuser,1
incoherenceoptimal,1
reflexive,1
genemachine,1
distanceweighted,1
stereoisomerism,1
mathgr,1
tessellation,1
fiber,1
warsaw,1
rbf,1
unabridged,1
restore,1
antecedents,1
bearingonly,1
boseeinstein,1
natureinspired,1
symbols,1
physicallyimpaired,1
expressibility,1
vdd,1
elephant,1
polytime,1
inband,1
cactuschemora,1
olsr,1
coolhunting,1
poljakturzik,1
hubfree,1
modernize,1
rvm,1
nonidempotent,1
setdifference,1
barycentric,1
crb,1
intercell,1
crack,1
nystrom,1
yy,1
bits,1
stratos,1
quasivarieties,1
korean,1
derivations,1
hamiltonian,1
ugly,1
misbehaviour,1
usercentric,1
managers,1
p100_,1
touchenabled,1
breadthfirst,1
partiallylatent,1
agcodes,1
ary,1
metacognitive,1
nondirectional,1
intergroup,1
energydriven,1
ksum,1
polymorphism,1
cardiology,1
kamiwaai,1
blender,1
interquartile,1
rtt,1
io,1
fortune,1
own,1
away,1
retinex,1
middlemen,1
bicategorical,1
trial,1
selfiterating,1
hardeningexploiting,1
dchsdp,1
monoid,1
thrill,1
airwaves,1
lowdistance,1
secretaries,1
infants,1
resistant,1
hsdp,1
npcproblems,1
willingness,1
commutation,1
plug,1
treelike,1
defer,1
sensingaware,1
postdictive,1
bio,1
narrative,1
ecological,1
parametrization,1
coauthors,1
convolution,1
mexican,1
per,1
halfspaces,1
bilulinial,1
non,1
assignmnet,1
wordlengths,1
pilotless,1
aomp,1
commutativity,1
imbalances,1
interferers,1
verbs,1
abstf,1
ccs,1
fm,1
paracontracting,1
nary,1
modelfree,1
amazonian,1
toile,1
holant,1
prim,1
apollonian,1
populations,1
median,1
candidacy,1
qoeqos,1
broaden,1
incarnation,1
scfdma,1
infiniband,1
hearer,1
interior,1
biomathics,1
constantmodulus,1
realism,1
solitary,1
lps,1
composer,1
xquery,1
rapidly,1
soil,1
unicasts,1
fill,1
irregularity,1
initiative,1
stimulus,1
subsmall,1
rankmodulation,1
mm1,1
adpredictor,1
billions,1
laminate,1
gather,1
picalculus,1
challengeresponse,1
shade,1
tactical,1
eigenvector,1
kdag,1
winmove,1
greed,1
fourbar,1
multiphysics,1
structuresemantics,1
12point,1
crossbar,1
97approximation,1
ltetype,1
primitives,1
trustworthiest,1
validasi,1
h_,1
dissection,1
eclectic,1
ever,1
backporting,1
distributedmemory,1
statisticallysecure,1
keygraphs,1
proficiency,1
gigabitclass,1
cheaply,1
resonance,1
differentiate,1
popularity,1
inputdriven,1
subversion,1
sdnlike,1
isogeometric,1
linearin,1
slackers,1
constellations,1
geiringerlike,1
structurepreserving,1
lti,1
drsp,1
lcmv,1
autonomy,1
customer,1
washington,1
bittorrentlike,1
judgement,1
gamble,1
affineinvariant,1
hypercomplex,1
tide,1
lexica,1
highfidelity,1
renovate,1
traversals,1
alphabets,1
arbreb,1
timescale,1
choreography,1
hypergeometric,1
vistrails,1
spirit,1
intermittently,1
scala,1
limitedmagnitude,1
detrerminstic,1
stage,1
contentrepresentative,1
intercausal,1
intervalpassing,1
multitarget,1
eight,1
crossentropy,1
affordances,1
bargain,1
rhythmic,1
linearcomplexity,1
adic,1
cnfs,1
wydiwyg,1
penggunaan,1
throughbuilding,1
category,1
learnability,1
mcdis,1
mangle,1
akltoussaint,1
nm,1
quicksort,1
4error,1
circulant,1
tcpmodbus,1
modulate,1
opinions,1
rationalize,1
nesterovlike,1
upperexpectation,1
wedge,1
parallelintime,1
crawlers,1
informetric,1
since,1
isodual,1
rms,1
subsystems,1
outsider,1
rotunde,1
p53,1
repositories,1
pin,1
orderenriched,1
menggunakan,1
stemmers,1
systemgenerated,1
dirichletmultinomiallike,1
quotient,1
harmonic,1
hyperexponential,1
trays,1
boundedrate,1
front,1
twolayer,1
cudagrind,1
heteroneous,1
memetic,1
untrusted,1
dcaas,1
applicationlevel,1
infinity,1
rankfrequency,1
dintucker,1
unimodular,1
mixedcriticality,1
multiinterface,1
everything,1
commonsense,1
isometry,1
ultradense,1
bn20,1
multitape,1
berlin,1
mincosthom,1
ambient,1
norms,1
polygonal,1
submatrix,1
dc,1
f_pvf_p,1
proofchecking,1
office,1
skeleton,1
onset,1
juice,1
promise,1
script,1
businessdriven,1
consistencyrestoring,1
micro,1
genius,1
gulf,1
complementary,1
amdahl,1
instrumentality,1
supersequence,1
heaviest,1
earthquake,1
threat,1
ttest,1
livewire,1
eas,1
autopooling,1
sand,1
webdamlog,1
hospitals,1
eighth,1
porous,1
dof,1
noiseshaping,1
activeness,1
voxelwise,1
bem,1
streamingdmt,1
generalise,1
emotionallyannotated,1
mobius,1
jointly,1
geodesicpreserving,1
ultralarge,1
propertydirected,1
censor,1
expressiveness,1
ucpnetworks,1
combinatory,1
3sphere,1
vectorspace,1
voters,1
knapsacks,1
sparseness,1
selfsynchronizing,1
speedy,1
bssrdf,1
visibility,1
indication,1
composantes,1
alertness,1
residues,1
hurwitz,1
mdr,1
spatialtemporal,1
labeldependent,1
operatorlike,1
reorder,1
graphoids,1
factorize,1
cable,1
tributaria,1
femtocellmacrocell,1
reception,1
roundtheclock,1
tokenlevel,1
hoodsquare,1
insitu,1
gurls,1
realizable,1
clonal,1
afls,1
react,1
odometry,1
league,1
incrementally,1
infrastructures,1
80211n,1
representative,1
multifunction,1
mutate,1
sequent,1
holonomy,1
elementos,1
absorption,1
iron,1
rhomboids,1
hint,1
apnea,1
polyp,1
ozone,1
impromptu,1
montecarlo,1
multiterabyte,1
perfusion,1
multiplefaults,1
chisquare,1
ads,1
videogames,1
strategically,1
ceai,1
kset,1
capacitate,1
volumes,1
oakplan,1
depthdependent,1
syllogistic,1
comonad,1
multicellular,1
similartity,1
inimage,1
subcode,1
cadre,1
secrets,1
baseline,1
annotators,1
treasurecrawler,1
monotonic,1
finitepopulation,1
tigers,1
backend,1
datamining,1
ramefficient,1
overflow,1
silk,1
predictor,1
decison,1
hspice,1
accomplishable,1
groupware,1
vmmad,1
start,1
plus,1
worry,1
anger,1
species,1
empowerment,1
directions,1
determinization,1
revolution,1
hypervolume,1
patternmatching,1
contrario,1
intercept,1
log2,1
devise,1
karlsruhe,1
arprelated,1
ifs,1
champion,1
coat,1
adversarially,1
assimilation,1
f_2uf_2u2f_2,1
clarification,1
typology,1
dpsk,1
scott,1
eventbslp,1
basisdata,1
unwind,1
strategymaker,1
rulerunner,1
triplehelix,1
bchdft,1
worldwide,1
3starfreeness,1
indeterminate,1
ccm,1
electroencephalography,1
kadanoff,1
yconvex,1
corruption,1
multiradio,1
twoway,1
hetnets,1
gnmf,1
glauber,1
bury,1
sturmian,1
aab,1
occlude,1
contentcentric,1
rpc,1
tabu,1
errata,1
dimages,1
assurance,1
radius,1
georeferenced,1
modelorder,1
computeandforward,1
pgas,1
cutsets,1
polsar,1
collusion,1
knownplaintext,1
beliefnetwork,1
distributive,1
lengths,1
bayesopt,1
buchi,1
subsequent,1
trento,1
vickrey,1
invenio,1
kinematic,1
visualsemantic,1
panast,1
homomorphisms,1
cope,1
gadts,1
cliquetree,1
impairment,1
texturedsmooth,1
wssspe,1
pathfollowing,1
choquet,1
slash,1
atombond,1
immanant,1
algorithmes,1
abridge,1
passpoints,1
specifiable,1
functioninducedorders,1
adjectives,1
risch,1
earthquakes,1
contextawareness,1
consolidation,1
lowdegree,1
seca,1
patterncoupled,1
renyi,1
cooccurring,1
lawmaking,1
khmer,1
randomboost,1
evoc,1
memristors,1
10dimensional,1
containers,1
narratives,1
incrementalizing,1
eyeguide,1
dlts,1
sigmoid,1
bodycontouring,1
geological,1
inevitable,1
formalization,1
grasshopper,1
ax,1
cooker,1
commodity,1
filtration,1
baltic,1
immunology,1
misobc,1
vectorvalued,1
phonology,1
outlying,1
ukasiewicz,1
tailbiting,1
zeta,1
errorcorrection,1
trail,1
letor,1
ipssocs,1
hrr,1
abmq,1
biopsies,1
observatory,1
decay,1
separators,1
cpm,1
suppliers,1
dftprecodedofdm,1
conclusions,1
virtuoso,1
variablefocusing,1
statefeedback,1
weibull,1
psn,1
lmf,1
grouptheoretic,1
strand,1
valgrind,1
macs,1
80211p,1
disagreement,1
honest,1
proofpattern,1
stereochemistry,1
semiquantum,1
semiautonomous,1
engage,1
emoflon,1
circuitswitched,1
80211g,1
logarithms,1
unicast,1
ripple,1
bluesky,1
numeral,1
rssd,1
upward,1
l_p,1
semiotics,1
eugene,1
lpbranching,1
hep,1
palindromes,1
holonomic,1
vanilla,1
counterexamplepreserving,1
straight,1
waitfree,1
cogbots,1
handy,1
forget,1
distancehereditary,1
african,1
updateefficient,1
repeatedly,1
sectors,1
combinatorics,1
treedependent,1
owls,1
linearizability,1
circumcircles,1
ancestors,1
2monotone,1
quantiles,1
bmc,1
airport,1
nlwidb,1
carbon,1
riot,1
agora,1
infectious,1
qbf,1
antiforensics,1
subquadratic,1
comparable,1
bioclimatic,1
policycarrying,1
quantile,1
hcci,1
lvcsr,1
incorporation,1
domainofattraction,1
unequal,1
frac,1
ways,1
stealth,1
almostlineartime,1
goaldriven,1
examine,1
interleaver,1
acl2,1
frantic,1
soundness,1
innetwork,1
snet,1
nuages,1
mnemonics,1
prophet,1
prototype,1
fdivergences,1
pc,1
accept,1
baranyai,1
semilocal,1
dog,1
pilotaided,1
fiedler,1
deliberate,1
subsequence,1
gem,1
variablespeed,1
tilde,1
rk,1
lease,1
unwrap,1
violations,1
steppedfrequency,1
blaze,1
tauconjecture,1
pseudotriangulations,1
hardnesses,1
ratelimited,1
subframes,1
ancestral,1
guillotine,1
mips,1
errorbars,1
flou,1
wormhole,1
multilane,1
englishhindi,1
oughts,1
frechet,1
inhome,1
shoot,1
manuscripts,1
bootstrapped,1
lack,1
sampleandaccumulate,1
conserve,1
invention,1
government,1
incore,1
artefact,1
mdl,1
pubsub,1
troubleshoot,1
shearlet,1
analisis,1
chess,1
braille,1
intent,1
millennium,1
fake,1
enjoy,1
dilution,1
fieldtheory,1
underresourced,1
conformance,1
adc,1
psf,1
undergo,1
delayconstrained,1
studio,1
prototyping,1
searchlight,1
clifford,1
cote,1
expectations,1
equality,1
eastern,1
crash,1
edgelabelled,1
lemkeverified,1
mrfs,1
maxsat,1
multicolumn,1
xact,1
conservative,1
deadlines,1
responsiveness,1
vigilante,1
wntags,1
projective,1
semilinearity,1
cmeans,1
freeze,1
gtzan,1
designers,1
aggregatemax,1
ingleton,1
coordinatedescent,1
isotopy,1
4dimensional,1
motility,1
cl,1
3dvector,1
likely,1
destruction,1
emergence,1
effortoriented,1
multiplelevel,1
lemkehowson,1
ipv6,1
easytime,1
outerplanar,1
booleshannon,1
pareto,1
bioacoustical,1
dfaf,1
wegmancarter,1
parseval,1
formalism,1
multilinguals,1
monomials,1
plucker,1
multimesh,1
lenseignement,1
diffuse,1
unmodeled,1
ascend,1
edgetriggered,1
reconstruct,1
arabia,1
celldivision,1
crossfree,1
uni,1
facelike,1
treat,1
linearly,1
maneuver,1
undiscounted,1
gang,1
quadric,1
microblogs,1
forty-one,1
vectorial,1
piece,1
dirty,1
portable,1
configurator,1
smoother,1
policyprivate,1
provisionafterwait,1
bombay,1
interpreter,1
gender,1
manipulators,1
nearfield,1
hexacopters,1
jeffrey,1
foundational,1
multicomponent,1
visualizations,1
quantity,1
sphericallyshaped,1
aircraft,1
encrypt,1
prelog,1
7input,1
minimalhardware,1
invitation,1
hinfinityoptimal,1
humantocomputer,1
petascaleexascale,1
frontofficebackoffice,1
selfshrinking,1
multimoded,1
associations,1
sectional,1
userdefined,1
200g,1
nonalternating,1
residences,1
mpwide,1
electromechanical,1
limpware,1
millimeterwave,1
hadamard,1
4x4,1
columnwise,1
apeelev,1
stepwisedecomposable,1
cinematography,1
deictic,1
akhir,1
mmpp,1
convexity,1
bfoaligned,1
decaf,1
fluent,1
crosslingual,1
frequencyweighted,1
handshake,1
f4,1
residents,1
oppose,1
hightemperature,1
valuefreezing,1
mellon,1
faceguarding,1
decoders,1
offpath,1
autosynch,1
torus,1
confluence,1
synopsis,1
longrange,1
antigen,1
versioning,1
modulaton,1
pde,1
affective,1
vot,1
mission,1
1g10g,1
likelihoodweighting,1
smaller,1
irrationality,1
fluorescence,1
19dof,1
mondshein,1
tikhonov,1
wwwkebanarancom,1
empiricalbayes,1
pseiki,1
multivalued,1
skewpartitions,1
ulam,1
sentiwordnet,1
app,1
solidstate,1
networklevel,1
discerner,1
georeplication,1
bradford,1
miller,1
smartgrids,1
loadaware,1
susceptibility,1
qwert,1
dynamicity,1
forty-seven,1
demystify,1
sojourners,1
brownian,1
oagmaapr,1
zimin,1
mattress,1
doppler,1
obstacle,1
thinnest,1
reducibilities,1
espoon,1
modulator,1
reverberant,1
pca,1
inadmissible,1
decodeandforward,1
postevent,1
ipc,1
croatian,1
progression,1
educate,1
quantifiers,1
saab,1
darboux,1
zerodimensional,1
plausible,1
diabetic,1
epileptic,1
digits,1
singlekeyhole,1
hairs,1
port,1
microsoft,1
sram,1
corner,1
bring,1
highresolution,1
dependences,1
visualise,1
immunocompetence,1
disappear,1
nphard,1
unicycle,1
killer,1
diagonalizable,1
clause,1
factorise,1
sentence,1
dependability,1
frequencyselective,1
deltatree,1
board,1
diteration,1
followers,1
tverberg,1
swiftcloud,1
3unicast,1
perceptions,1
secretkey,1
obdd,1
egocentric,1
dmcs,1
alert,1
dantzig,1
iugr,1
cliquestable,1
triad,1
systemsofsystems,1
bpsk,1
cs,1
linearize,1
misfire,1
cohomology,1
scanner,1
qcb_0spaces,1
performace,1
every,1
together,1
comparism,1
benerator,1
finitevolume,1
beliefstate,1
rio,1
pseudoboolean,1
coverageoriented,1
binpacking,1
friend,1
epistemological,1
unsubstituted,1
streamon,1
morality,1
multiproject,1
hubaccelerator,1
ajax,1
plausibility,1
appropriation,1
nonsplitting,1
crystal,1
cloudsvm,1
hiproofs,1
verticalaxis,1
greenhouse,1
maximumlikelihood,1
transcription,1
exploitation,1
nonvanishing,1
pervasive,1
basestation,1
ferry,1
timedependent,1
minimumweight,1
websets,1
two thousand and eight,1
stcs,1
tugas,1
l_,1
evolutive,1
conversation,1
bilipschitz,1
"eight hundred and two thousand, one hundred and fifty-four",1
viceversa,1
directories,1
socket,1
linearen,1
swt,1
tourism,1
lane,1
advisor,1
register,1
dagger,1
bottomup,1
pada,1
interpage,1
diploma,1
peaktoaverage,1
situationspecific,1
animate,1
appearance,1
wellpointed,1
highpressure,1
mutually,1
cutpoint,1
intransitive,1
portscans,1
cht,1
cepstral,1
cbtc,1
mmwave,1
unravel,1
microelectromechanical,1
fuzzyrule,1
dag,1
bitstring,1
wakeup,1
benchmarks,1
qt,1
importancesampling,1
hcoloring,1
retaliation,1
emdenfowler,1
angiogenesis,1
donnees,1
habit,1
microarray,1
hastinapura,1
decisionfeedback,1
obdds,1
packets,1
eigenvalue,1
submodularity,1
hydrodynamics,1
statically,1
ppad,1
ultrasonic,1
spatiallynear,1
kahip,1
admm,1
churn,1
pronouns,1
nanofibers,1
lt,1
diamond,1
minority,1
superadditivity,1
refuel,1
ussr,1
groove,1
approuch,1
blistr,1
bichromatic,1
singlesource,1
bimodal,1
conception,1
humanmachine,1
temporary,1
multimaterial,1
heritage,1
stockholm,1
minesweeper,1
sure,1
eendocardial,1
ebusiness,1
zipf,1
quantuminspired,1
ideals,1
inventor,1
scratchlike,1
minors,1
mhttp,1
polarizationmultiplexed,1
toolassisted,1
erlangstyle,1
dbns,1
swipt,1
overtheair,1
orientations,1
hmt,1
sensoractuator,1
suitability,1
carare,1
departments,1
amt,1
globales,1
subblock,1
elman,1
street,1
phasealigned,1
gloss,1
htn,1
hypotheses,1
publicly,1
agricultural,1
minimumlink,1
passwords,1
collaborate,1
dependable,1
ca4iot,1
ess,1
stone,1
saher,1
administration,1
autoregressive,1
3connected,1
digitally,1
damp,1
obst,1
semisupervised,1
triclustering,1
updatable,1
10point,1
moments,1
humanoid,1
investigacion,1
hierarchization,1
decline,1
eventb,1
piano,1
iac,1
coalitions,1
multieves,1
injection,1
powermanaging,1
kaczmarz,1
adcs,1
discussion,1
universe,1
dispatch,1
unsymmetrical,1
concise,1
splitstate,1
altruism,1
odes,1
theorema,1
toeplitzstructured,1
exactmbr,1
replicator,1
xtras,1
chrominance,1
cd4green,1
ontologydriven,1
romanian,1
transmitcorrelated,1
depots,1
rosenbloomtsfasman,1
leak,1
afraid,1
baby,1
degeneracy,1
monads,1
oespa,1
cagdcad,1
realclient,1
captch,1
happen,1
moo,1
d2dinfrastructure,1
humanism,1
try,1
biform,1
pathgeneration,1
equitable,1
sttram,1
callbyname,1
shootout89,1
_2umathbb,1
pseudospiral,1
compactly,1
predefined,1
servers,1
hd,1
kouterplanar,1
tourist,1
originality,1
ismail,1
determinantal,1
lions,1
shut,1
gromovhausdorff,1
ventricular,1
resistor,1
chilena,1
pact,1
fisher,1
forbid,1
lensless,1
etsi,1
phaseerror,1
promotion,1
prooftool,1
amalgamation,1
derandomizing,1
overall,1
plot,1
dielectric,1
vague,1
asyougo,1
concave,1
feedbackvsperformance,1
semirings,1
modele,1
merger,1
rollover,1
artifactcentric,1
badge,1
singletrial,1
bioimitaiton,1
confusion,1
sensemakingcoevoiutionimplementation,1
msa,1
provenance,1
selfassessment,1
recommend,1
unintended,1
leaderfollower,1
loan,1
visit,1
edmonds,1
basketball,1
right,1
tropical,1
3v,1
decrementation,1
kmodulus,1
alphabet,1
atlaasp2p,1
resist,1
deepwater,1
lcs,1
regenerative,1
presidential,1
cardinality,1
80211b,1
millionaires,1
ldas,1
movielens,1
plugin,1
spatialaware,1
fsymmetries,1
fourthorder,1
auctiondriven,1
json2run,1
adjunctive,1
lagrangian,1
writeendurance,1
flipflop,1
highway,1
contractile,1
strike,1
c_,1
biomarker,1
fatigue,1
quicken,1
nonprobabilistic,1
impedance,1
steadystate,1
korkinzolotarev,1
lineartime,1
borland,1
fuse,1
umlrsds,1
independency,1
shuffle,1
archetypes,1
timestepping,1
ksparse,1
labelrank,1
halfintegrality,1
diet,1
entre,1
polycephalum,1
third,1
crossrecurrence,1
sieve,1
sociodemographic,1
onotation,1
microseconds,1
subsquares,1
gradual,1
dan,1
allocate,1
satisfice,1
batchmode,1
survive,1
vocal,1
sph,1
metalanguages,1
enframe,1
repertoire,1
uncloneable,1
publishsubscribe,1
qary,1
manganese,1
bulgarian,1
youve,1
finitechainring,1
decimal,1
skill,1
criticism,1
virtualmimo,1
guideline,1
superpolynomial,1
backdoors,1
tdo,1
duplicate,1
noreference,1
sparsifiers,1
winter,1
imprecision,1
expectationpropogation,1
factorials,1
keywords,1
blank,1
intersections,1
alias,1
connective,1
ginibre,1
machinechecked,1
multilabel,1
numerically,1
hough,1
dbpl,1
impatient,1
receive,1
lowoverhead,1
lactr,1
pepsi,1
topspin,1
fourinatree,1
longer,1
methodofimages,1
carnap,1
roads,1
eel,1
pragmatics,1
hopfield,1
hypercellular,1
tempo,1
cqi,1
creatures,1
hlints,1
xapi,1
manyprocess,1
intravascular,1
c2ms,1
kalgorithm,1
loadside,1
provability,1
pep,1
ppsz,1
personality,1
apis,1
send,1
yet,1
deform,1
delineate,1
dream_olsr,1
transformprediction,1
rice,1
substrings,1
adaptations,1
quantumclassical,1
contest,1
gqmstrategies,1
annotate,1
dover,1
surf,1
makers,1
chasetype,1
superexponential,1
twin,1
parameterised,1
military,1
probabilisticdataassociationaided,1
directly,1
ofdma,1
quickxsort,1
kit,1
planet,1
inspections,1
sumber,1
skeptical,1
pitch,1
mdsparity,1
kchinese,1
nlization,1
2disjoint,1
ieee7542008,1
equivalency,1
parikh,1
rpg,1
iqcconstrained,1
pal,1
isabelleholcfprelude,1
workflowforecast,1
ahp,1
certificateless,1
variableregular,1
oral,1
autodock,1
biarticular,1
subsequences,1
hcolouring,1
doomsday,1
radiation,1
algebrized,1
viii,1
salient,1
pond,1
cue,1
monopole,1
contemporary,1
aose,1
multisided,1
ftnsignaling,1
ph,1
strcture,1
mess,1
itinitiatives,1
multiloop,1
computationally,1
matrixvariate,1
multistage,1
symposium,1
compandor,1
muc,1
saperp,1
cancellationfree,1
interdisciplinary,1
selfmanagement,1
super,1
gl,1
lcontact,1
subadditivity,1
goods,1
nondeverbal,1
deliberation,1
statespace,1
scoping,1
tawnyowl,1
informationcentric,1
errored,1
configurable,1
spammers,1
sandboxing,1
praise,1
ludics,1
inventory,1
m3,1
tip,1
consider,1
hot,1
multitasking,1
agriculture,1
outbreak,1
nonbandlimited,1
tribes,1
dsd,1
elongation,1
profitmaximization,1
garden,1
bloch,1
zigzag,1
signaltonoise,1
millimeter,1
dmri,1
suggestion,1
lr,1
eventually,1
horn,1
constructors,1
symbolfree,1
ignore,1
descend,1
privacyenhanced,1
cub,1
iii,1
dice,1
underapproximating,1
restful,1
coprocessor,1
gpgpus,1
1u,1
nsymmetry,1
formally,1
controlflow,1
emptiness,1
importanceaware,1
coordinator,1
revenues,1
polsat,1
provable,1
heterogeneity,1
gifc,1
codingtheoretic,1
lexicons,1
embarassingly,1
firstclass,1
3coloring,1
min,1
gridinterface,1
knet,1
genres,1
acquaintance,1
college,1
mmm,1
solr,1
decodability,1
transliteration,1
omnipresent,1
neutral,1
multiq,1
dseparating,1
disperse,1
locus,1
ssdb,1
mrd,1
nyquist,1
torpedo,1
decisionmodel,1
constantsizealphabets,1
initialization,1
openstreetmap,1
profiledriven,1
wang,1
pch,1
minimalist,1
tunable,1
farthestpoint,1
tolerate,1
abs,1
accord,1
pn1,1
grotesque,1
saudi,1
forge,1
multiaccess,1
mar,1
mechanics,1
nanoscale,1
"one thousand, nine hundred and thirty-six",1
season,1
abuse,1
gatherer,1
unitdemand,1
phoneticprosodic,1
timeline,1
maude,1
lrtype,1
poker,1
pi,1
functionbehaviourstructure,1
annotator,1
fractals,1
gpuacceleration,1
prize,1
manifesto,1
coroutines,1
rock,1
precoded,1
catalyst,1
egovernment,1
cosr,1
fertigation,1
celllevel,1
mas,1
sportal,1
biology,1
successivecancellation,1
mce,1
gleichungssystemen,1
abductive,1
opinum,1
safejs,1
primorials,1
telematics,1
repairmen,1
malleable,1
xu,1
announcement,1
userspecific,1
costbenefit,1
bell,1
threeway,1
cloudcluster,1
envyfree,1
gostlike,1
pen,1
interrelationships,1
hardcore,1
sociaux,1
subdivisions,1
diachronic,1
flowshop,1
meta,1
bientropy,1
attachment,1
forestofoctrees,1
engagement,1
modulolattice,1
contextualising,1
shakers,1
genus,1
horizontal,1
supervision,1
5tm,1
gotch,1
succor,1
reseau,1
retailer,1
faulty,1
earphone,1
quasisteady,1
practically,1
uniquely,1
salt,1
gamecaptcha,1
suspensions,1
lspi,1
akleylek,1
danse,1
os,1
semilattices,1
complementation,1
hair,1
logvolume,1
surfacemotions,1
texive,1
trianglefreeness,1
3sum,1
meaningfocused,1
timeswitching,1
hasenjaeger,1
otsu,1
bee,1
lipprint,1
hrf,1
crankslider,1
extendible,1
satisfiable,1
hospitalier,1
l_0,1
innovative,1
oct,1
lobby,1
watchdogleach,1
informationpreserving,1
tallandskinny,1
cannonical,1
veterinary,1
prevalence,1
superimpose,1
casestudy,1
brand,1
folkrank,1
roborun,1
ratification,1
trainers,1
roll,1
registry,1
logrank,1
trustworthy,1
eoe,1
seek,1
impulsive,1
baumslagsolitar,1
subsurface,1
emphaticness,1
lzcompressed,1
chaingraphs,1
exchangeable,1
sponsor,1
compressibility,1
contestability,1
defectors,1
humanlike,1
anesthesia,1
swing,1
inexpensive,1
phaselift,1
3satisfiability,1
unitarily,1
templatefree,1
cca2secure,1
cautionary,1
crowdsourced,1
egi,1
unconditional,1
jade,1
wynertype,1
maximin,1
helix,1
reject,1
crisp,1
reliabilityoutput,1
classi,1
polyhedral,1
odds,1
csmac,1
laptop,1
popularization,1
rbiocloud,1
cole,1
subpalindromes,1
holomorphic,1
networkconstrained,1
hack,1
serious,1
semidifferential,1
vso,1
nicod,1
"one thousand, one hundred and thirteen",1
phcpy,1
szilardlandauer,1
interpolate,1
ksat,1
risksensitive,1
krylov,1
syndrome,1
dualities,1
realweighted,1
bifibrations,1
costsharing,1
rgb,1
picture,1
emfincquery,1
cdcl,1
minthint,1
entrepots,1
topologicalcollaborative,1
lee,1
sis,1
indentation,1
xnetworks,1
carpooling,1
networkonchip,1
ehrenfeuchtfraisse,1
moods,1
rankwidth,1
empathy,1
conpcomplete,1
differences,1
analogtoinformation,1
rwheel,1
minsol,1
kazakhstan,1
thin,1
institutional,1
flowcover,1
totality,1
diagonalization,1
lab,1
givens,1
bijective,1
knee,1
sixpoint,1
mouseinanoctant,1
multiset,1
destin,1
sometimes,1
aesthetic,1
blocktoblock,1
selfmotion,1
tamper,1
desmallworld,1
moon,1
extendability,1
humanautomation,1
retinal,1
undergraduatelevel,1
enumerative,1
apache,1
slicer,1
nextgen,1
poweroftwo,1
malaria,1
fibrationally,1
saascsb,1
polarcoded,1
pile,1
terrain,1
inatree,1
nowait,1
flock,1
acceptance,1
bigstep,1
viewpoints,1
minimumvariance,1
privately,1
politicians,1
argue,1
dataplane,1
eavesdrop,1
dtds,1
winner,1
skyline,1
synchrophasors,1
"twenty million, seventy-two thousand and eleven",1
major,1
disambiguate,1
tap,1
twoedge,1
arboricity,1
longlived,1
conversations,1
investment,1
tutte,1
tournament,1
fiveweight,1
laser,1
symptom,1
botnets,1
utmost,1
n1,1
btests,1
quiet,1
provincial,1
push,1
cfw,1
whatif,1
muscle,1
computerize,1
megahertz,1
ir,1
girth,1
applicationdriven,1
modularwidth,1
bioconductor,1
cube,1
trainable,1
catch,1
cytogenetic,1
momentpreserving,1
checkin,1
raindrop,1
widths,1
blockage,1
multitildebar,1
twelf,1
crosscut,1
ramanujan,1
tokenization,1
systemtheoretic,1
viscous,1
von,1
sentiments,1
pairingfree,1
speculation,1
war,1
terminals,1
undecidability,1
equity,1
shake,1
homeostasis,1
dti,1
say,1
excitation,1
oblivious,1
contagion,1
polygon,1
enforceability,1
behaviors,1
mdm,1
bipartition,1
valuate,1
sefe,1
disorder,1
microcontroller,1
quantifierfree,1
efsmt,1
malicious,1
rwartosci,1
synaptic,1
locid,1
hdp,1
noether,1
teknologi,1
attackers,1
subtyping,1
euretile,1
fingertip,1
3xor,1
robbers,1
concern,1
groundable,1
cartilage,1
complez,1
minimise,1
combinators,1
outsideobstacle,1
jtrivial,1
multisender,1
maple,1
dp,1
oram,1
ioefficient,1
oddsized,1
soundtracks,1
nonspeech,1
globalitylocality,1
disparity,1
starpu,1
tessellations,1
er,1
deconstructions,1
delayrobustness,1
chemistryinspired,1
evluation,1
accountability,1
width,1
entailment,1
bart,1
friendly,1
immune,1
convolutions,1
matcher,1
multimethod,1
gpon,1
nonideal,1
filteredx,1
person,1
timedelay,1
regimes,1
prevent,1
neglect,1
realresource,1
hashconsed,1
think,1
3level,1
sumproduction,1
orgate,1
capitalistes,1
educative,1
wiener,1
usercell,1
posterior,1
telecare,1
highprecision,1
countmin,1
6th,1
nonmonetary,1
softdecision,1
austrian,1
postmortem,1
kanonymity,1
summaries,1
wlpe,1
jensenshannon,1
bigdatabench,1
cps,1
rateprivacy,1
permutahedron,1
montgomery,1
maxflows,1
weibo,1
overexpressed,1
monostream,1
nontermination,1
diophantine,1
fictitious,1
terrestrial,1
backprop,1
wrappers,1
poweraware,1
act,1
11th,1
digitize,1
machinetomachine,1
descriptive,1
codeword,1
sale,1
penalties,1
joy,1
equiangular,1
dispersion,1
physicalchannel,1
lambek,1
overheadoptimized,1
ws,1
multipermutation,1
npspec,1
equivocation,1
1dimensional,1
jml,1
five hundred,1
discretizable,1
srbench,1
productive,1
multiplespot,1
exclusive,1
nodedisjoint,1
landsat,1
extortion,1
largesignal,1
mobilityondemand,1
webservice,1
appropriate,1
wcf,1
mutants,1
simplecell,1
amend,1
autonomes,1
imporved,1
qualifiers,1
vein,1
ieee80211ac,1
taxonomic,1
wordcount,1
hubs,1
food,1
morphologically,1
circumvent,1
fo,1
lin,1
fourconnected,1
manhattan,1
fourierreflexive,1
revenue,1
developable,1
democracy,1
predictors,1
pq,1
linkages,1
prescriptions,1
observers,1
denvironnements,1
stackup,1
scfde,1
supervisor,1
plasticity,1
fescycling,1
garda,1
janus,1
krafts,1
parameterless,1
auc,1
spill,1
sufficiently,1
lpnorm,1
cnd,1
levenbergmarquardt,1
eud,1
crtvss,1
hci,1
repairbytransfer,1
endpoints,1
libcppa,1
semiparametric,1
riskaversion,1
classd,1
exponentials,1
eu,1
cake,1
4valued,1
interferencelimited,1
eigen,1
localityaware,1
antitubercular,1
parallelising,1
comparision,1
accelerators,1
ontofm,1
evasive,1
forcemotion,1
terminal,1
largemargin,1
slate,1
dicisionmaking,1
sales,1
quest,1
wsnext,1
junctions,1
connectome,1
climate,1
treedepth,1
privatize,1
dexpression,1
dgeq,1
bottomless,1
treeautomatic,1
channelout,1
haemodynamic,1
kcolorability,1
chromatic,1
spine,1
endoscopy,1
lekkerkerkerboland,1
treedecomposable,1
eshiq,1
alprs,1
binomial,1
constantcompetitive,1
qupara,1
whierarchy,1
netflix,1
portugal,1
l1optimal,1
imageguided,1
multimodel,1
iir,1
unfaithful,1
fancrossing,1
actr,1
cerny,1
emotional,1
likelihoods,1
multilayered,1
emancipatory,1
catastrophic,1
singletape,1
penalize,1
psychometrics,1
23rd,1
marcum,1
japanesespanish,1
aggregators,1
componentwise,1
workbench,1
modes,1
2adic,1
electrooculography,1
bicm,1
speedscaling,1
5nitofuran2yl,1
networkwide,1
breakdown,1
sparser,1
multiexposure,1
editor,1
valence,1
glcm,1
kdcv,1
men,1
anticipatory,1
earn,1
80216j,1
antananarivo,1
staterepresentation,1
sitemaps,1
crucial,1
bucket,1
multicriteria,1
bless,1
tei,1
iots,1
identifiable,1
affordance,1
decisionanalytic,1
additional,1
elegant,1
collude,1
collation,1
itemset,1
arrivals,1
updateefficiency,1
distinctness,1
quorums,1
foopar,1
teamwork,1
eprints,1
perspectives,1
semat,1
hedge,1
orthonormal,1
mims,1
nonstereo,1
cold,1
finitestate,1
fulltext,1
dvs,1
completelyconnected,1
energydelay,1
reviewers,1
iris,1
exponents,1
wood,1
nonuniqueness,1
boundaries,1
searchspace,1
cosmos,1
crest,1
m1,1
parental,1
surfels,1
outgroup,1
twovariable,1
dvbs2,1
kirkman,1
miningbased,1
bipolar,1
aspocp,1
cybernetics,1
schur,1
selfassessed,1
phids,1
occurrences,1
adp,1
reusable,1
12th,1
cnf,1
aerial,1
ieee80211,1
riskdriven,1
selfstabilization,1
gaussianly,1
reinforcementlearning,1
subsampling,1
ham,1
polyominoes,1
navigate,1
rauzy,1
erasurecoded,1
respiration,1
mccurves,1
singlephase,1
sublandau,1
dentites,1
learnednorm,1
organisms,1
exponentially,1
interrelay,1
lzo,1
farfield,1
cantor,1
anycast,1
grind,1
edwards,1
survivablenetwork,1
dedication,1
parkinsons,1
qweighted,1
piggyback,1
riccitersenghi,1
stemmer,1
envelope,1
selfstabilizing,1
divoire,1
throughout,1
outliers,1
costrecovering,1
relayaided,1
unidirectional,1
designefficiency,1
characterisation,1
lloydtopor,1
instrumentation,1
kepler,1
exhaustive,1
computeraided,1
irsq,1
isp,1
lans,1
spam,1
generalisation,1
patterndriven,1
dem,1
followership,1
pipage,1
uninstantiated,1
yao,1
diffraction,1
vlsi,1
hessianfree,1
cruc,1
collocate,1
donors,1
jacobisr,1
totalcolouring,1
almostcommuting,1
bitflip,1
wmn,1
synergy,1
sparsifying,1
nplayer,1
exponentiated,1
slimy,1
duedate,1
zeroday,1
scarce,1
thermochemical,1
powerperformance,1
evaluative,1
snapshot,1
thickness,1
invert,1
singlecommodity,1
vegf,1
memes,1
interdisciplinarity,1
pn2sc,1
argumentative,1
accumulate,1
timetable,1
chirality,1
poweroptimized,1
loadbalance,1
commute,1
coast,1
dashboard,1
ssltls,1
pie,1
colloquium,1
cycletransversals,1
cuckoo,1
dobbs,1
trelliscoded,1
pv,1
treetostring,1
transduction,1
pon,1
wan,1
transformer,1
mel,1
xchannel,1
graywulf,1
unichordfree,1
sixty-eight,1
microgrids,1
ldpccoded,1
representationspart,1
breath,1
sur,1
repairability,1
lbp,1
dendritic,1
eigensolvers,1
ldp,1
malleability,1
hyperball,1
poincare,1
connectionist,1
2trees,1
windowed,1
4th,1
extensiveform,1
awalemancalaayo,1
injective,1
ride,1
cuckersmale,1
blink,1
attrition,1
recursively,1
ddimensional,1
fvss,1
clic,1
sectorisation,1
thematic,1
driverassistance,1
psaltery,1
village,1
fifo,1
transplant,1
sdn,1
diagnosability,1
oscillation,1
inundation,1
onboarding,1
statements,1
matroid,1
egee,1
axis,1
nexp,1
mask,1
sublanguages,1
metal,1
multigpu,1
waterfall,1
vectorized,1
coarsegrained,1
reformulation,1
hypermedia,1
dllite,1
auv,1
occur,1
boundaryvalue,1
focal,1
supervoxel,1
multibinding,1
symmetrisation,1
stuckat,1
indivisible,1
labview,1
twenty-eight,1
evoke,1
depositional,1
alpha,1
debt,1
comparaison,1
grm,1
relatedness,1
rematch,1
ufl,1
pseudoprojected,1
przenoszenia,1
uncomputable,1
placefocused,1
starters,1
aes,1
decade,1
qsar,1
qualia,1
wsn,1
icons,1
sparsedata,1
enquiry,1
homework,1
osekvdx,1
disturbance,1
hybridarq,1
nobel,1
serendipitous,1
blip,1
xos,1
distinct,1
epidemics,1
ml,1
assistant,1
onomastics,1
speedmachines,1
eigenfunctions,1
ldgm,1
accessibility,1
endow,1
freeness,1
multireceiver,1
marriage,1
transcriptome,1
blinddate,1
verdict,1
_qumathbb,1
kan,1
weigh,1
poroelasticity,1
detour,1
dera,1
nonmonotone,1
declaratron,1
moral,1
curvelet,1
chr,1
omegaterms,1
intricate,1
males,1
cavity,1
el,1
title,1
chemp,1
tertiary,1
safo,1
loesosung,1
medial,1
discretized,1
paritycheck,1
lindenstrauss,1
dialectic,1
mammography,1
riemann,1
schulze,1
vboinc,1
district,1
conation,1
diagnose,1
noneuclidean,1
concrete,1
onlinelist,1
noncooperative,1
summation,1
circumference,1
semimeasures,1
asymmetry,1
incentivised,1
rid,1
presburger,1
empty,1
subshifts,1
decoy,1
automorphisms,1
seventy,1
complexities,1
rrf,1
raid6,1
lowdensity,1
eck,1
gravity,1
2cliquecolouring,1
legal,1
darbres,1
cheat,1
disjointness,1
topos,1
waveabsorbing,1
buffon,1
bradfordizing,1
geospotting,1
pole,1
berge,1
joingraph,1
refutation,1
weakest,1
galerkin,1
polytopic,1
agency,1
v,1
maximumbandwidth,1
pernode,1
kill,1
openmp,1
useless,1
suggestions,1
atherogenesis,1
hereditary,1
translucent,1
twolevel,1
semimodules,1
contextdependent,1
alldistances,1
molecule,1
higherordercounters,1
trope,1
civilizations,1
predictions,1
lmp,1
intraframe,1
federations,1
ach,1
co,1
2joins,1
quasidynamic,1
specs,1
italy,1
ppt,1
intrasubgroup,1
metakernelization,1
broadcastsuperposition,1
dfs,1
matchgates,1
ship,1
volumeric,1
coevolving,1
abundant,1
freehand,1
symmetryaware,1
watermarks,1
antagonistic,1
proximitypreserving,1
momentmatching,1
confluently,1
hyperparameter,1
ips,1
semialgebraic,1
prizecollecting,1
hermetic,1
budapest,1
multi,1
classifications,1
energyneutral,1
handarm,1
atomic,1
patient,1
parametrizations,1
terrorist,1
connaissances,1
gigayear,1
4k,1
sidepayments,1
klevel,1
cloudcompliance,1
belong,1
predistortion,1
clustervalidity,1
gsos,1
marathi,1
young,1
glitch,1
crime,1
yeast,1
mobiles,1
fglm,1
technoeconomic,1
opnet,1
ppi,1
twist,1
hiphop,1
occupy,1
traceroute,1
mn,1
pmi,1
political,1
cybercriminals,1
optimistic,1
nonvolatile,1
johnson,1
stepindexed,1
sramnvm,1
sumtests,1
bat,1
magnification,1
learners,1
diversitymultiplexing,1
deeper,1
tell,1
conditionnumber,1
primaldual,1
autism,1
neuronal,1
ast,1
exceptionflow,1
37th,1
secondgeneration,1
sudut,1
submission,1
functionbehaviorstructure,1
multiinstance,1
rss,1
multihomed,1
chamaileon,1
hazard,1
sunny,1
graphe,1
marginalization,1
tsvms,1
footprint,1
do,1
richement,1
twelve,1
userrelatedness,1
betaskeletons,1
delaydisruptiontolerant,1
highgenus,1
gef,1
skinny,1
transductive,1
rest,1
semipotential,1
dsatur,1
convert,1
centricalperipheral,1
diverse,1
scatteredautomatic,1
conversational,1
reuse,1
dnf,1
certification,1
discs,1
codelength,1
nemesys,1
hear,1
id3,1
fpgas,1
closedloop,1
scldpc,1
ne,1
reef,1
interleave,1
dseparation,1
minimumviolation,1
watersheds,1
smoothrectangle,1
elsevier,1
ngrams,1
ksubmodular,1
gmm,1
systemofsystems,1
lexicographically,1
caveats,1
fourdimensional,1
lord,1
scj,1
qv,1
ks,1
khan,1
multibest,1
deployments,1
deconstruct,1
seabed,1
alldimensions,1
facilitate,1
videoondemand,1
sarf,1
seperately,1
sistem,1
semanticdriven,1
pcm,1
quickest,1
dialect,1
haze,1
rerouting,1
ask,1
linger,1
nonintrusive,1
depth4,1
quantifications,1
multipacket,1
imperialist,1
cooccurrence,1
despite,1
definability,1
birth,1
sha256,1
blog,1
deterministicworstcase,1
electorates,1
featureguided,1
synchrony,1
possibilitynecessity,1
multisets,1
ycbcr,1
decimationhadamard,1
unboundedlength,1
1n,1
structboost,1
san,1
zahir,1
cation,1
tensorability,1
mildew,1
imitation,1
10821n,1
nilpotent,1
aggregations,1
frequencyhopping,1
sculpt,1
automaticsignal,1
omp,1
humancomputer,1
chance,1
situationaware,1
metaphors,1
crowdplanner,1
ccvw,1
origins,1
teleportation,1
crosscovariance,1
backtrack,1
pollution,1
actors,1
facade,1
alexandrov,1
nine hundred and thirty-seven,1
bluray,1
submodularization,1
coevolution,1
visualisation,1
sparql2xquery,1
micromeasures,1
neurocognitive,1
noncommutative,1
unsecure,1
quotation,1
neutralization,1
blocksparse,1
cybersecurity,1
dualpivot,1
shannontheoretic,1
dualbeam,1
epidemiclike,1
csr,1
intervalic,1
hip,1
relyguarantee,1
scaffold,1
assessments,1
blockmodels,1
randomaccess,1
externality,1
drill,1
ell_2ell_1,1
independencies,1
regeneratingcoding,1
easily,1
multiniching,1
trans,1
biconnectivity,1
environnement,1
surveillancebroadcast,1
agreements,1
duplicationdeletion,1
sparselypacketized,1
hdfs,1
informacion,1
purposeful,1
unsatisfiability,1
statistiques,1
fptases,1
strengthen,1
geodesics,1
turingmachines,1
"two hundred and one thousand, one hundred and twelve",1
escalation,1
kmedoids,1
microfluidics,1
compressions,1
gespar,1
particles,1
resonator,1
controllable,1
programmer,1
2012q2,1
intercloud,1
curation,1
budach,1
intermittence,1
greater,1
insurance,1
exceptions,1
attraction,1
hundred,1
loadbalanced,1
midas,1
sbml,1
fbmcoqam,1
assertional,1
entries,1
busemann,1
computerscience,1
wellbeing,1
deficit,1
edgeintersecting,1
overconfidence,1
icn,1
ucqrewriting,1
securities,1
subside,1
helper,1
entry,1
commitment,1
imap,1
unanchored,1
consume,1
eclipseit,1
telecommunications,1
kbest,1
instrumental,1
urbains,1
isat,1
honeypots,1
nlength,1
publication,1
interlayer,1
fifty,1
entropydriven,1
beam,1
7wheel,1
lineage,1
siliconnitridetungsten,1
minor,1
proxies,1
ridesharing,1
datacenter,1
microscope,1
modality,1
v2,1
iosubstitution,1
multitier,1
textsymbol,1
canvas,1
feeder,1
heat,1
cramerrao,1
tdd,1
electrostatic,1
sciences,1
matrixmatrix,1
ncvv1,1
datagathering,1
options,1
clientserver,1
reggia,1
nephele,1
fullrank,1
tube,1
rm,1
orderofmagnitude,1
hackers,1
reusability,1
nonelitist,1
_q,1
fda,1
policyenforcing,1
boundedchoice,1
joux,1
contentflow,1
motifs,1
zur,1
abacus,1
objek,1
criminal,1
informal,1
parameterizations,1
heavy,1
lambdaterms,1
chenhan,1
selfexciting,1
v20,1
may,1
pointwise,1
structuraltyping,1
causally,1
glad,1
xdgp,1
lf,1
row,1
interdiction,1
periocular,1
permute,1
reader,1
ofdmalte,1
f5,1
nearcapacity,1
rebuild,1
retrieve,1
dyck,1
dari,1
categorytheoretic,1
powerarea,1
_2cdotsu,1
dyps,1
fec,1
stay,1
realcoded,1
msctp,1
wyner,1
stiffen,1
19_4,1
dengan,1
reinforce,1
salvation,1
locate,1
leishmania,1
ergo,1
inferences,1
seepage,1
biolinux,1
quell,1
mutable,1
riva,1
propelinear,1
policydriven,1
sumoverforests,1
personalitytype,1
jointtransmission,1
vernam,1
maxflow,1
depth3,1
seventy-two,1
conway,1
threats,1
tilt,1
redberry,1
piracy,1
subtractor,1
passages,1
beginners,1
teachers,1
unfounded,1
zingme,1
onetime,1
tcpaware,1
kullbackleibler,1
decodeforward,1
surapproximation,1
phasepriority,1
