word,2018_freq
network,866
learn,818
deep,460
neur,420
model,409
system,317
dat,291
gen,280
detect,271
im,245
analys,244
optim,230
class,220
graph,201
algorithm,189
predict,187
machin,171
convolv,158
advers,153
estim,152
control,146
comput,145
recognit,144
vis,144
dynam,135
apply,135
cod,133
seg,132
efficy,131
distribut,128
framework,124
adapt,115
sem,115
repres,113
inform,112
object,112
improv,109
sec,105
text,104
loc,104
us,103
reinforc,103
toward,103
process,99
autom,99
feat,99
act,97
video,96
commun,95
langu,92
design,92
train,91
embed,90
wireless,89
robust,89
scal,86
3d,86
study,82
expl,82
sens,81
robot,79
transf,79
tim,79
at,78
stat,78
approxim,77
onlin,76
program,76
soc,75
perform,75
complex,73
evalu,73
pow,73
attack,72
fac,72
architect,72
hum,71
environ,71
challeng,71
sequ,70
fast,70
rel,70
unsuperv,68
search,68
transl,68
channel,67
clust,67
plan,66
select,65
map,65
interact,64
linear,64
random,64
mobl,63
funct,63
method,63
set,61
log,61
bound,61
knowledg,59
spac,59
mem,58
effect,58
priv,58
mot,57
realtim,56
gam,55
diff,55
med,55
understand,55
techn,55
cloud,55
vehic,54
quant,54
multipl,54
op,53
softw,53
context,53
meas,53
cont,52
vary,52
energy,52
track,52
stochast,51
task,51
match,51
spars,51
domain,51
joint,51
the,51
flow,51
tre,50
inf,49
real,49
retriev,48
survey,48
compress,48
maxim,48
fus,48
prob,48
hybrid,48
sim,48
solv,47
hierarch,47
query,47
word,47
recur,47
met,46
integr,46
extend,46
test,46
smart,46
speech,45
sampl,45
regul,45
temp,45
sign,45
autonom,45
person,45
dataset,44
combin,44
evolv,44
nat,44
multimod,44
aug,44
pattern,43
er,43
minim,43
decid,43
filt,42
charact,42
quest,41
id,41
path,41
min,41
blockchain,41
autoencod,41
resourc,41
mass,40
serv,40
larg,40
recommend,40
high,40
coop,40
mod,40
enh,40
parallel,40
spat,39
stabl,39
answ,39
web,39
constraint,39
scen,39
synthes,39
dens,39
low,38
transform,38
rank,38
lat,38
reg,38
man,38
rat,37
structure,37
label,37
policy,37
heterog,37
form,37
extract,37
ag,37
ver,37
dep,37
endtoend,36
edg,36
reconstruct,36
mimo,36
driv,36
emot,36
un,36
largesc,36
simpl,36
weight,36
interpret,35
point,35
fact,35
singl,35
typ,35
develop,35
pract,34
cnn,34
protocol,34
engin,34
acc,34
sourc,34
cas,33
intellig,33
pos,33
novel,33
comp,33
spect,33
connect,33
direct,32
impl,32
regress,32
cov,32
review,32
part,32
bayes,32
scheduling,32
nonlinear,32
mech,32
grady,32
aggreg,31
matrix,31
access,31
reduc,31
support,31
rout,31
accel,31
collab,30
manip,30
sci,30
expery,30
condit,30
group,30
impact,30
ensembl,30
iot,30
norm,30
pars,29
bas,29
limit,29
behavy,29
exampl,29
alloc,29
loss,29
fair,29
complet,29
ful,29
gan,29
bin,29
shap,29
kernel,29
uncertainty,28
encod,28
depend,28
observ,28
dialog,28
qual,28
continu,28
transmit,28
benchmark,28
approach,28
vect,27
assess,27
markov,27
align,27
art,27
ev,27
decomposit,26
perceiv,26
dist,26
dev,26
express,26
divers,26
ai,26
reason,26
describ,26
traff,26
decod,25
internet,25
finit,25
equ,25
problem,25
superv,25
styl,25
dimend,25
saf,25
net,25
simil,24
correl,24
mixt,24
scheme,24
field,24
without,24
cach,24
report,24
en,24
geomet,24
senty,23
build,23
abstract,23
grid,23
coordin,23
geometry,23
ord,23
perspect,23
shar,23
guid,23
virt,23
monit,23
univers,23
mat,23
glob,23
execut,23
phys,22
attribut,22
annot,22
weak,22
correct,22
dec,22
valu,22
consens,22
conceiv,22
stor,22
uav,22
block,22
ident,22
proof,22
adv,22
semisuperv,21
discrimin,21
opt,21
composit,21
produc,21
streaming,21
big,21
interfac,21
explain,21
determin,21
multitask,21
sent,21
inv,21
target,21
phas,21
paramet,21
preserv,20
mix,20
multil,20
comprehend,20
cellul,20
ir,20
5g,20
capt,20
cost,20
tool,20
saly,20
rul,20
construct,20
delay,20
databas,20
navig,20
comparison,20
fut,20
convex,19
cognit,19
beyond,19
platform,19
mult,19
nod,19
aer,19
contract,19
audio,19
link,19
capac,19
nois,19
cit,19
brain,19
top,19
anoma,19
sep,19
cyc,19
vert,19
posit,19
synchron,19
circuit,19
not,19
cent,19
inst,18
siz,18
les,18
find,18
twit,18
consist,18
mak,18
view,18
ct,18
mean,18
two thousand and eighteen,18
convers,18
structured,18
noisy,18
count,18
defens,18
smal,18
publ,18
constrain,18
research,18
tradeoff,18
assocy,18
auth,17
pol,17
feedback,17
polynom,17
digit,17
gauss,17
cel,17
prop,17
spec,17
col,17
bia,17
project,17
collect,17
radio,17
surfac,17
bandit,17
transport,17
caus,17
interf,17
implicit,17
chain,17
int,17
key,17
spatiotemp,17
thing,17
traject,17
multilabel,17
upd,17
common,17
discret,17
multy,17
recovery,17
manifold,16
bet,16
respons,16
resid,16
rely,16
property,16
resy,16
multisc,16
numb,16
monocul,16
superresolv,16
tens,16
structures,16
hard,16
modul,16
spectr,16
input,16
trust,16
partit,16
neighb,16
unit,16
summ,16
rol,15
datadr,15
world,15
neuron,15
long,15
empir,15
genet,15
deform,15
crit,15
converg,15
multiobject,15
explicit,15
concur,15
bal,15
automat,15
urb,15
intern,15
el,15
pri,15
play,15
hash,15
2d,15
influ,15
topolog,15
entrop,15
incr,15
symmet,15
load,15
reid,14
mus,14
finegrain,14
coupl,14
mesh,14
multiview,14
fract,14
read,14
util,14
pres,14
level,14
crowd,14
it,14
fault,14
help,14
transit,14
individ,14
revers,14
exploit,14
beamform,14
multius,14
invers,14
short,14
switch,14
rang,14
strategy,14
market,14
discovery,14
strong,14
pot,14
partic,14
repair,14
desc,13
check,13
reus,13
hardw,13
cascad,13
ad,13
investig,13
pric,13
strategies,13
light,13
sery,13
pass,13
heal,13
assist,13
risk,13
goal,13
aw,13
extrem,13
compil,13
index,13
num,13
imit,13
cert,13
camer,13
progress,13
theorem,13
body,13
satellit,13
corp,13
throughput,13
energyefficy,13
fog,13
gat,13
first,13
diseas,13
lin,13
lik,13
cur,13
theoret,13
wav,13
swarm,13
coh,13
mut,12
exchang,12
ory,12
chang,12
among,12
issu,12
flex,12
speak,12
hist,12
unknown,12
crowdsourc,12
calibr,12
multilevel,12
spee,12
ground,12
pop,12
encrypt,12
quantit,12
compact,12
config,12
categ,12
instruct,12
chines,12
miss,12
plac,12
requir,12
dual,12
deno,12
sound,12
cnns,12
expert,12
fre,12
expand,12
asymptot,12
broadcast,12
deploy,12
compon,12
standard,12
boost,12
harvest,12
induc,12
delivery,12
synthet,12
hand,12
opportun,12
loop,12
malw,11
fail,11
aid,11
infrastruct,11
gpu,11
equilibr,11
ontolog,11
avoid,11
electron,11
fram,11
lstm,11
reward,11
imply,11
symbol,11
mov,11
n,11
crossmod,11
liv,11
reflect,11
persist,11
artic,11
pool,11
shift,11
believ,11
mathem,11
elect,11
convert,11
cut,11
educ,11
three,11
k,11
clos,11
remot,11
sketch,11
import,11
prov,11
car,11
mri,11
lev,11
recurs,11
android,11
acoust,11
imagery,11
asynchron,11
defin,11
dron,11
volum,11
multilay,11
millimet,11
term,11
fil,10
ent,10
secrecy,10
post,10
av,10
sdn,10
degr,10
hid,10
mitig,10
ear,10
ofdm,10
crossl,10
rgbd,10
protect,10
remov,10
cyberphys,10
ap,10
sort,10
selfsuperv,10
zeroshot,10
supervid,10
out,10
diagnos,10
libr,10
slam,10
consid,10
vuln,10
cap,10
fingerprint,10
tol,10
downlink,10
corpor,10
privacypreserv,10
highperform,10
antenn,10
ind,10
pref,10
smartphon,10
tight,10
clin,10
lingu,10
lightweight,10
skin,10
bil,10
competit,10
custom,10
funda,10
transact,10
emerg,10
precid,10
result,10
handwrit,10
bidirect,10
batch,10
record,10
vehicul,10
fak,10
argu,10
baselin,10
reconfig,10
es,10
head,10
forc,10
vertex,10
structural,10
intersect,9
arbit,9
hpc,9
algebra,9
primit,9
foury,9
principl,9
crossdomain,9
histogram,9
cryptograph,9
multicast,9
fals,9
offload,9
behavio,9
resolv,9
discov,9
disturb,9
margin,9
threat,9
ste,9
profil,9
com,9
scan,9
look,9
opin,9
ey,9
mmwave,9
wild,9
python,9
d2d,9
fuzzy,9
receiv,9
independ,9
decisionmak,9
technolog,9
lift,9
relay,9
lay,9
queu,9
algebr,9
consum,9
forecast,9
unman,9
lowrank,9
tru,9
spot,9
rac,9
prun,9
sequencetosequ,9
sid,9
dnn,9
valid,9
submodul,9
popul,9
blind,9
multichannel,9
redund,9
frequ,9
curricul,9
demonst,9
anonym,9
priorit,9
diffus,9
ring,9
meet,8
brows,8
neg,8
calc,8
cyb,8
cliqu,8
proc,8
polit,8
landmark,8
way,8
revisit,8
econom,8
second,8
disambigu,8
near,8
teach,8
friend,8
eras,8
xray,8
detail,8
intel,8
intrud,8
ecosystem,8
lid,8
collid,8
hyperspect,8
caps,8
wid,8
array,8
tot,8
interv,8
affect,8
pyramid,8
multihop,8
output,8
rec,8
indo,8
confid,8
intens,8
pack,8
draw,8
gametheoret,8
docu,8
echo,8
workload,8
address,8
mess,8
relax,8
tut,8
contrast,8
on,8
road,8
cours,8
selfat,8
propos,8
cre,8
spik,8
increas,8
fullduplex,8
pipelin,8
gram,8
journ,8
uplink,8
cue,8
correspond,8
audit,8
cant,8
engl,8
gap,8
stream,8
nom,8
prec,8
smooth,7
reproduc,7
weaklysuperv,7
gaz,7
rich,7
fad,7
perfect,7
curv,7
occlud,7
encoderdecod,7
invert,7
insight,7
bird,7
paty,7
orthogon,7
em,7
tag,7
der,7
lowresourc,7
vs,7
auct,7
evid,7
shortterm,7
hypergraph,7
heur,7
cho,7
introduc,7
nest,7
grow,7
retin,7
team,7
slid,7
law,7
agil,7
lit,7
exact,7
kinem,7
threshold,7
taxonom,7
job,7
splitting,7
diverg,7
mom,7
account,7
pedest,7
pur,7
two,7
merg,7
biom,7
interpol,7
streams,7
wat,7
len,7
pair,7
soft,7
voic,7
neuromorph,7
breast,7
fluid,7
aspect,7
pixel,7
schemes,7
busy,7
minimax,7
lung,7
runtim,7
precod,7
achiev,7
leng,7
patch,7
rest,7
interconnect,7
contact,7
refin,7
reach,7
grasp,7
peopl,7
obfusc,7
land,7
multidimend,7
fing,7
ref,7
fit,7
found,7
stack,7
run,7
simult,7
commonsens,7
distort,7
ecommerc,7
work,7
uniform,7
paradigm,6
barry,6
differenty,6
altern,6
eng,6
imb,6
trac,6
best,6
secret,6
step,6
tabl,6
affin,6
lowl,6
fin,6
bootstrap,6
histolog,6
termin,6
suit,6
syntax,6
pretrain,6
greedy,6
prototyp,6
react,6
semeval2018,6
ratio,6
heat,6
forward,6
obstac,6
arch,6
perturb,6
par,6
dict,6
nar,6
lif,6
nonparamet,6
counterfact,6
preprocess,6
abnorm,6
scenario,6
disentangl,6
lead,6
attract,6
good,6
backprop,6
con,6
microscop,6
abus,6
wif,6
tum,6
slic,6
period,6
oblivy,6
homog,6
across,6
span,6
c,6
keypoint,6
magnet,6
subspac,6
squ,6
surveil,6
beam,6
swipt,6
subgraph,6
talk,6
blackbox,6
relev,6
coefficy,6
metalearn,6
titl,6
overview,6
integ,6
wikiped,6
bipartit,6
guar,6
spok,6
memr,6
background,6
biomet,6
workflow,6
comply,6
secondord,6
box,6
molecul,6
extern,6
org,6
forest,6
doubl,6
odometry,6
rnn,6
are,6
acquisit,6
shallow,6
init,6
sum,6
infinit,6
cardin,6
toolkit,6
siames,6
quadr,6
intrins,6
ultrarely,6
city,6
inject,6
expon,6
actu,6
go,6
multiclass,6
egoc,6
window,6
contain,6
sensorimot,5
psycholog,5
compet,5
highdimend,5
incorp,5
clut,5
multisens,5
threats,5
nee,5
eeg,5
overlap,5
follow,5
e,5
ar,5
conflict,5
get,5
tactil,5
zero,5
surgery,5
tract,5
break,5
vessel,5
ment,5
biolog,5
od,5
multicel,5
win,5
discours,5
agnost,5
within,5
pag,5
ie,5
optoelectron,5
tel,5
surg,5
root,5
multipa,5
las,5
cens,5
prev,5
skil,5
nonloc,5
symmetry,5
slot,5
stag,5
lifetim,5
ultrasound,5
leak,5
pairw,5
formula,5
stock,5
stateoftheart,5
infer,5
pilot,5
hom,5
bug,5
bias,5
lan,5
expect,5
ii,5
websit,5
aesthet,5
hierarchy,5
landscap,5
def,5
backha,5
defect,5
list,5
shuffl,5
tri,5
expos,5
addit,5
boltzman,5
phon,5
phot,5
longterm,5
recov,5
appear,5
contextaw,5
distinct,5
ham,5
left,5
hyperparamet,5
spark,5
two thousand and seventeen,5
superconduc,5
eth,5
guard,5
singleim,5
resist,5
ldpc,5
harmon,5
bridg,5
less,5
deceiv,5
effort,5
russ,5
hoc,5
botnet,5
jam,5
stereo,5
ampl,5
leg,5
recal,5
orac,5
congest,5
pred,5
methodolog,5
calcul,5
stud,5
camera,5
demand,5
overhead,5
disast,5
bring,5
diagram,5
peer,5
unlabel,5
nonuniform,5
liquid,5
disp,5
pick,5
fed,5
spreadsheet,5
prim,5
elast,5
homomorph,5
rgb,5
assum,5
dropout,5
transfer,5
old,5
see,5
axiom,5
u,5
har,5
gend,5
dam,5
hol,5
nearest,5
orchest,5
keyword,5
princip,5
self,5
fpga,5
workshop,5
defend,5
thirdparty,5
chest,5
patholog,5
q,5
const,5
transp,5
recogn,5
know,5
bottleneck,5
credit,5
chatbot,5
reedsolomon,5
rep,5
nearoptim,5
ant,5
artifact,5
enum,5
highlevel,5
edit,5
codesign,5
insid,5
polygon,5
success,5
wear,4
walk,4
ass,4
judg,4
includ,4
display,4
branch,4
curios,4
layout,4
instru,4
jpeg,4
wholebody,4
regret,4
commerc,4
handl,4
least,4
rot,4
horizon,4
string,4
reservoir,4
offlin,4
air,4
satisfact,4
stdp,4
cancel,4
instancelevel,4
round,4
specy,4
firstord,4
focus,4
densenet,4
humanrobot,4
manufact,4
audiov,4
sustain,4
modern,4
junct,4
nondetermin,4
coq,4
wideband,4
assign,4
shannon,4
entry,4
maneuv,4
ton,4
inspect,4
scat,4
unbound,4
tok,4
internetofth,4
photon,4
anticip,4
proact,4
maj,4
templ,4
volumet,4
govern,4
divid,4
ledg,4
modelfr,4
tak,4
compound,4
fuzz,4
discontinu,4
decoupl,4
multirobot,4
al,4
dns,4
three hundred and sixty,4
langl,4
domainspec,4
poss,4
ptychograph,4
illumin,4
gain,4
svm,4
moment,4
morpholog,4
nam,4
amby,4
reson,4
port,4
adopt,4
quadrot,4
academ,4
intermedy,4
ultradens,4
host,4
intuit,4
multistep,4
poison,4
subset,4
mont,4
manyc,4
deduc,4
hospit,4
diagon,4
raw,4
conject,4
closedloop,4
logarithm,4
provid,4
restrict,4
pc,4
migr,4
reposit,4
via,4
rethink,4
chas,4
industry,4
f,4
rigid,4
every,4
ordin,4
blend,4
ten,4
analog,4
tact,4
rdf,4
subject,4
profess,4
battery,4
spherical,4
cardiac,4
qos,4
firstperson,4
bad,4
hyperbol,4
cred,4
nphard,4
mask,4
protein,4
3gpp,4
sup,4
slow,4
neighbo,4
carlo,4
inconsist,4
bitcoin,4
atom,4
rev,4
countermeas,4
multiplex,4
multiarm,4
wiretap,4
nextg,4
trend,4
v,4
institut,4
reply,4
transduc,4
overcom,4
proxim,4
monol,4
occup,4
healthc,4
weath,4
plaus,4
genom,4
imperfect,4
multiparty,4
higherord,4
rad,4
cybersec,4
six,4
puzzl,4
lossless,4
back,4
isomorph,4
multimed,4
story,4
imp,4
assembl,4
sess,4
synapt,4
malicy,4
frag,4
reciproc,4
nash,4
microgrid,4
fix,4
sensit,4
hit,4
poisson,4
hypothes,4
oneclass,4
interest,4
surrog,4
vot,4
postmortem,4
byzantin,4
facebook,4
oneshot,4
terrain,4
sing,4
viewpoint,4
domin,4
vers,4
volt,4
hear,4
sgx,4
shortest,4
bool,4
feas,4
datac,4
photo,4
forens,4
lipschitz,4
asp,4
triv,3
dataflow,3
dsl,3
pour,3
verb,3
cfd,3
deblur,3
tweet,3
asymmet,3
penal,3
distil,3
metamorph,3
anim,3
straight,3
uk,3
profit,3
transcrib,3
backscat,3
mind,3
lagrang,3
around,3
dehaz,3
want,3
decorrel,3
elimin,3
drowsy,3
phenomenon,3
appr,3
stealthy,3
packet,3
ineq,3
book,3
youtub,3
pseudorandom,3
admit,3
atar,3
tissu,3
abl,3
pad,3
topdown,3
trad,3
mitot,3
tour,3
disclos,3
fash,3
csi,3
pul,3
alzheim,3
street,3
farm,3
sat,3
misinform,3
marin,3
toolbox,3
minmax,3
reject,3
memb,3
galerkin,3
jav,3
desir,3
an,3
lstms,3
cup,3
immun,3
stronger,3
shot,3
arab,3
fiv,3
fraud,3
wavelet,3
lab,3
ocul,3
fresh,3
neut,3
chronic,3
msr,3
advert,3
satisfy,3
interop,3
trait,3
malign,3
statespac,3
mismatch,3
dram,3
strategic,3
keyvalu,3
mast,3
braincomput,3
inspir,3
crash,3
paraphras,3
vorono,3
nonconvex,3
humanoid,3
javascrib,3
regim,3
episod,3
revolv,3
spacecraft,3
humanintheloop,3
situ,3
worstcas,3
green,3
conto,3
grassman,3
pen,3
coin,3
dext,3
spin,3
rapid,3
disk,3
rend,3
mammograph,3
guess,3
energyaw,3
fpgas,3
kspace,3
structureaware,3
childr,3
6d,3
aggress,3
onthef,3
chart,3
crossview,3
braininspir,3
offpolicy,3
gramm,3
whatsap,3
whol,3
up,3
robotassist,3
coevolv,3
fewshot,3
flip,3
spatialspect,3
print,3
cross,3
scripting,3
e2,3
aut,3
googl,3
underw,3
rf,3
watch,3
tomograph,3
difficul,3
rieman,3
hydra,3
bay,3
adjust,3
autoregress,3
eventtrig,3
multispect,3
disconnect,3
buff,3
bibliomet,3
mobilityaw,3
supply,3
criter,3
nul,3
repetit,3
et,3
micro,3
delet,3
inhibit,3
waterfal,3
absolv,3
openc,3
polyhedr,3
nonorthogon,3
uncertain,3
opensourc,3
highspee,3
therm,3
area,3
multidomain,3
schema,3
r,3
knl,3
prelimin,3
scor,3
watermark,3
stant,3
writ,3
own,3
dag,3
nonid,3
pap,3
multiperson,3
emoj,3
constacyc,3
nonrigid,3
codeswitch,3
unrely,3
four,3
naiv,3
photograph,3
characterlevel,3
constel,3
split,3
phonem,3
ambigu,3
procrust,3
matroid,3
hug,3
wordlevel,3
ddo,3
middlew,3
syntact,3
twenty,3
puls,3
permut,3
automot,3
purpos,3
unfair,3
mathb,3
colo,3
pollut,3
sqrt,3
clickbait,3
adhoc,3
outdo,3
trustworthy,3
avail,3
anch,3
multiply,3
infr,3
coars,3
tail,3
phrases,3
cacheaid,3
chat,3
cor,3
many,3
adc,3
bundl,3
tripl,3
vocab,3
insitu,3
nonst,3
pay,3
ins,3
ser,3
degrad,3
licens,3
impress,3
clip,3
reny,3
marketplac,3
intend,3
ticket,3
alert,3
dirichlet,3
sampleefficy,3
gest,3
monoton,3
qosaw,3
fly,3
feedforward,3
fabr,3
trunt,3
proport,3
foreground,3
softwaredefin,3
multimodel,3
past,3
questionansw,3
guarantee,3
histopatholog,3
ask,3
mr,3
bilevel,3
treewid,3
flight,3
backward,3
statedepend,3
cub,3
hamilton,3
marry,3
tv,3
cme,3
seism,3
anatom,3
finitetim,3
wlan,3
exasc,3
crfs,3
omg,3
bloom,3
viol,3
ing,3
crypto,3
displac,3
ex,3
primald,3
promot,3
cooccur,3
movy,3
plugandplay,3
replay,3
join,3
almost,3
speechtotext,3
quantil,3
compl,3
crop,3
linux,3
ess,3
employ,3
subsequ,3
bangl,3
easy,3
mooc,3
submit,3
iest,3
periocul,3
isol,3
dissemin,3
bid,3
proposit,3
circ,3
selfinterf,3
pac,3
shadow,3
hijack,3
threestage,3
selfdr,3
enterpr,3
compos,3
push,3
lock,3
compens,3
extens,3
dai,3
grad,3
multisourc,3
campaign,3
von,3
chord,3
fib,3
wareh,3
entanglementassist,3
lowprecid,3
whit,3
screening,3
pid2018,3
millimeterwav,3
giv,3
foc,3
nmt,3
pathway,2
evas,2
leaf,2
thorac,2
spoof,2
fdiverg,2
userc,2
granul,2
turkey,2
selforg,2
endmemb,2
sublinear,2
attentionaw,2
two thousand and fifteen,2
pixelw,2
suggest,2
structurefrommotion,2
eat,2
studio,2
pin,2
softmax,2
heap,2
healthy,2
vq,2
sex,2
oc,2
kalm,2
subt,2
spont,2
inhand,2
snippet,2
subst,2
offblockchain,2
chem,2
est,2
sar,2
lognorm,2
metabol,2
wast,2
redistribut,2
agr,2
dant,2
privacyaw,2
nt,2
benefit,2
vr,2
pragm,2
japanes,2
compat,2
longest,2
singul,2
matrixmatrix,2
ransomw,2
tun,2
logconcav,2
sag,2
gin,2
sil,2
phylogenet,2
hundr,2
memoryaug,2
facil,2
clon,2
tiny,2
column,2
reloc,2
gre,2
subsampl,2
nucle,2
maxflow,2
voxel,2
lightn,2
singlechannel,2
complement,2
resourceconstrain,2
classroom,2
yet,2
tensorflow,2
postedit,2
unlicens,2
scalerecur,2
eq,2
macro,2
multishot,2
spel,2
des,2
drug,2
socc,2
dream,2
retract,2
french,2
informationtheoret,2
wind,2
instanty,2
denot,2
locomot,2
acquir,2
democr,2
indust,2
stroke,2
_,2
put,2
scarc,2
sos,2
examin,2
maxmin,2
rady,2
roi,2
parameterfr,2
ontosensenet,2
caad,2
debias,2
spreading,2
geometryaw,2
interdatac,2
scalefr,2
request,2
ghost,2
comprom,2
am,2
approch,2
just,2
attend,2
strongly,2
item,2
email,2
lie,2
anarchy,2
multit,2
layerw,2
polyad,2
cart,2
carig,2
charg,2
imprec,2
userspec,2
suppress,2
forget,2
retransmit,2
exerc,2
impair,2
forgery,2
frog,2
ocr,2
bipart,2
defoc,2
multiantenn,2
ltl,2
crawl,2
socy,2
saa,2
definit,2
inmem,2
fifty,2
kil,2
amazon,2
flo,2
firewal,2
td,2
miso,2
hat,2
mapreduc,2
radiolog,2
paragraph,2
zon,2
timedomain,2
pain,2
surv,2
overhear,2
uncod,2
zeroforc,2
togeth,2
subtract,2
swift,2
pep,2
secretkey,2
iv,2
onebit,2
imagetoim,2
darknet,2
disjunct,2
sit,2
interlay,2
fft,2
gatekeep,2
pgms,2
ageminim,2
multithread,2
counterexampl,2
freeform,2
heatmap,2
rapt,2
crosslay,2
preempt,2
locationaw,2
behind,2
hallucin,2
chess,2
cyberattack,2
accum,2
polylin,2
unet,2
dc,2
lim,2
knearest,2
cpu,2
indep,2
triad,2
bar,2
1bit,2
railway,2
introspect,2
pagerank,2
versatil,2
diachron,2
contemp,2
strings,2
antenna,2
enco,2
filesystem,2
timeproject,2
cocktail,2
lamin,2
memcomput,2
stakehold,2
nonproject,2
unicast,2
afford,2
ic,2
lbp,2
hazard,2
exog,2
breach,2
discretetim,2
mark,2
fragil,2
finiteleng,2
openend,2
sharp,2
dataefficy,2
stop,2
hous,2
nonneg,2
asymmetry,2
nearlinear,2
angiograph,2
rcnn,2
bank,2
immers,2
lov,2
machinetomachin,2
timelin,2
phenotyp,2
refer,2
chin,2
hwsw,2
thermodynam,2
ventric,2
stal,2
til,2
pinyin,2
lemm,2
waveform,2
recip,2
oil,2
unsc,2
hightech,2
guidelin,2
singleserv,2
posegraph,2
disaggreg,2
lowcomplex,2
wmt2018,2
imagin,2
mobileedg,2
tox,2
pupil,2
los,2
mds,2
timbr,2
geodes,2
vietnames,2
rffso,2
cifar10,2
unpair,2
starcraft,2
w,2
enforc,2
day,2
intergroup,2
revid,2
actorcrit,2
plat,2
visualinert,2
jit,2
oneminutegrad,2
wordnet,2
lip,2
therapy,2
tradit,2
overflow,2
inpaint,2
entail,2
affy,2
origin,2
punctu,2
timeaw,2
v2v,2
covert,2
kidney,2
misalign,2
arrow,2
irony,2
underlaid,2
overload,2
io,2
mona,2
rewrit,2
retarget,2
backdo,2
extr,2
ssd,2
obd,2
geosp,2
concav,2
selfbackha,2
ipv6,2
l,2
sonograph,2
telugu,2
structurally,2
furnit,2
seriesparallel,2
neon,2
right,2
lexicograph,2
digraph,2
gossip,2
interplanet,2
2coloring,2
hypert,2
mar,2
nich,2
virtualt,2
spacetim,2
crosstalk,2
illust,2
lor,2
spread,2
memoryconstrain,2
smartwatch,2
multinom,2
magnitud,2
nintendo,2
framelevel,2
multifidel,2
nonmonoton,2
phenomen,2
timev,2
coat,2
along,2
http,2
smil,2
stress,2
lte,2
piecew,2
eyehand,2
semigroup,2
annount,2
disc,2
welf,2
wasserstein,2
food,2
attitud,2
timeevolv,2
laplac,2
exempl,2
fluctu,2
byzantineresy,2
fibril,2
outerconnect,2
superpixel,2
hour,2
microarchitect,2
multitarget,2
cran,2
star,2
assimil,2
monet,2
cotrain,2
ecolog,2
show,2
wir,2
topk,2
dig,2
steadyst,2
wrong,2
deeply,2
waterfil,2
reform,2
bon,2
computeraid,2
ridg,2
scripts,2
undetect,2
replic,2
plast,2
bachel,2
multicriter,2
codemix,2
kme,2
multitermin,2
dock,2
incomplet,2
multibranch,2
dil,2
lyapunov,2
concern,2
resourceefficy,2
dur,2
third,2
tackl,2
isabel,2
subpacket,2
variableleng,2
contin,2
involv,2
think,2
lazy,2
skipgram,2
littl,2
contextdepend,2
hul,2
imput,2
formul,2
year,2
adher,2
them,2
bioinspir,2
max,2
thresholding,2
feel,2
footprint,2
nonparallel,2
hetnet,2
apach,2
dispers,2
logo,2
contextsensit,2
drift,2
tip,2
skeleton,2
tild,2
gist,2
angul,2
autog,2
atla,2
chamb,2
lex,2
showdown,2
morphosyntact,2
calend,2
markerless,2
itemset,2
ep,2
canon,2
unbias,2
confound,2
trig,2
devicetodev,2
lowdos,2
solid,2
g,2
claim,2
ac,2
rl,2
transy,2
mathc,2
frict,2
ilp,2
fruit,2
destruct,2
alexnet,2
dsrc,2
reassembl,2
misclass,2
permanentmagnet,2
endomicroscop,2
homotop,2
openset,2
broad,2
ethere,2
l1,2
xss,2
analogtodigit,2
clear,2
fleet,2
damp,2
overfit,2
enclav,2
maintain,2
bandwid,2
flash,2
palindrom,2
ict,2
cle,2
red,2
squeezeandexcit,2
genr,2
wait,2
pseudo,2
overparamet,2
bilinear,2
realworld,2
jnd,2
payoff,2
lineartim,2
unmix,2
login,2
untrust,2
excit,2
hip,2
lossy,2
cdn,2
exceiv,2
alphabet,2
lexicon,2
duply,2
bibliograph,2
inthewild,2
brok,2
peak,2
outlook,2
thin,2
shoot,2
nomin,2
resourcepo,2
blockw,2
appra,2
pde,2
multiaccess,2
foe,2
ecg,2
le,2
doc2vec,2
cook,2
ens,2
humanlik,2
rough,2
scrum,2
costeffect,2
synaps,2
vein,2
redirect,2
elicit,2
microsoft,2
highresolv,2
artificialno,2
sgd,2
languageindepend,2
flux,2
recharg,2
appendix,2
sporad,2
hippocamp,2
semidefinit,2
succinct,2
lesson,2
manuscrib,2
plant,2
dcnn,2
script,2
ue,2
puf,2
claus,2
por,2
irregul,2
arc,2
autocorrel,2
reweight,2
poserobust,2
multiinst,2
genealog,2
snapshot,2
decay,2
congru,2
ondev,2
pursuit,2
unavail,2
resampl,2
frechet,2
stad,2
morph,2
polymorph,2
crosstask,2
glass,2
semanticaw,2
aort,2
github,2
spam,2
room,2
lvcsr,2
triplet,2
endors,2
hyperproperty,2
loadb,2
acceiv,2
hindsight,2
ultr,2
reducedord,2
pedy,2
apt,2
publishsubscrib,2
dilemma,2
conserv,2
lowlevel,2
backtrack,2
dnns,2
tracklet,2
convnet,2
twelv,2
textbook,2
sic,2
aloh,2
budget,2
auxy,2
refug,2
nonintrud,2
eavesdrop,2
delin,2
pointset,2
sql,2
rbf,2
freeway,2
selfadapt,2
crn,2
hardc,2
could,2
coldstart,2
grobn,2
amp,2
portrait,2
multiresolv,2
spatialtemp,2
mal,2
truth,2
recyc,2
hermit,2
fpg,2
anaid,2
costefficy,2
rect,2
bond,2
underlay,2
discuss,2
"eighty thousand, two hundred and eleven",2
mpi,2
orbit,2
cartoon,2
setup,2
coher,2
humanlevel,2
war,2
posterior,2
catastroph,2
pi,2
neuroevolv,2
3ds,2
park,2
bag,2
la,2
sufficy,2
crosssit,2
obtain,2
lcd,2
ynet,2
rnns,2
island,2
nlp,2
cury,2
coex,2
tayl,2
endoscop,2
sev,2
wign,2
sea,2
undecid,2
nc,2
rfpuf,2
metalangu,2
stain,2
elev,2
petr,2
flock,2
sanskrit,2
phi,2
tal,2
euclid,2
corrupt,2
cot,2
winograd,2
sanit,2
hci,2
qlearn,2
releas,2
mqtt,2
commit,2
return,2
also,2
headway,2
broadcastmulticast,2
asynchrony,2
orthos,2
nongauss,2
particip,2
bir,2
foggy,2
unw,2
zipf,2
invest,2
inert,2
depart,2
thes,2
costoptim,2
seek,2
hap,2
turbin,2
peertop,2
bigdat,2
pta,2
debug,2
wel,2
cheap,2
pareto,1
fullyconvolv,1
electromagnet,1
ci,1
graphon,1
cerv,1
nr,1
selftaught,1
emb,1
arrowdebreu,1
yac,1
snort,1
urin,1
modelagnost,1
deeppink,1
spherereid,1
geotag,1
misc,1
sinrenergy,1
subpixel,1
bloc,1
hypernym,1
memoryless,1
infty,1
melod,1
nmf,1
pal,1
bootchain,1
koopm,1
lineclust,1
centralityfriend,1
in,1
elm,1
cgoa,1
devicelevel,1
polytop,1
scrumlint,1
vseen,1
iaa,1
partlevel,1
dstc7,1
m3rl,1
equalleng,1
edgeweight,1
hasp,1
maritim,1
bargain,1
opendomain,1
mrub,1
chant,1
qnetwork,1
blstms,1
timetoacc,1
selftrack,1
extrud,1
hypermut,1
npcs,1
hdr,1
alex,1
germ,1
defactonlp,1
coap,1
virel,1
ao,1
weaklylabel,1
leapsandbound,1
knowledgeen,1
texpon,1
trap,1
sigmapisigm,1
bpa,1
cathet,1
delimit,1
graysc,1
partofspeech,1
presheav,1
dof,1
readout,1
broadband,1
datafr,1
travel,1
soph,1
timestep,1
intracr,1
loopsmart,1
neoplas,1
lgn,1
crnn,1
humanautonom,1
registrationfr,1
3connected,1
lithograph,1
qam,1
meltdown,1
spacefract,1
singlemess,1
capil,1
nlg,1
relieff,1
travail,1
ultim,1
selfpac,1
openswitch,1
ontologymedy,1
adult,1
illud,1
humanprovid,1
stp,1
strip,1
objekt,1
intheair,1
tax,1
cloud4iot,1
deeptry,1
modulo,1
allphoton,1
graybox,1
eyebal,1
initializationfr,1
informationseek,1
qcqp,1
privacyutil,1
poi,1
slicedwasserstein,1
highlyfunct,1
scop,1
deepgonet,1
2nd,1
spectroscop,1
connectivitypreserv,1
keyboard,1
retrospect,1
piec,1
seq2rdf,1
lpvss,1
groebn,1
wellb,1
mos,1
hpadapt,1
netoap,1
transvers,1
maint,1
rpcs,1
stackpoint,1
gamecontrol,1
eigentriad,1
powerlaw,1
mieux,1
pronount,1
viert,1
astrophys,1
visc,1
negoty,1
iagosaf,1
omegaregul,1
bean,1
alt,1
highq,1
transpos,1
schedule,1
malap,1
stratification,1
clamp,1
timerevers,1
untamp,1
correlationaw,1
datash,1
intrigu,1
pfem,1
gliom,1
"twenty million, one hundred and twelve thousand and fifteen",1
belm,1
sakat,1
knowledgeembed,1
gloc,1
omnicrawlerwheel,1
lost,1
undemon,1
qensembl,1
musc,1
boil,1
embarrass,1
guitenet,1
arthroplasty,1
tie,1
ipsec,1
inputoutput,1
diseaseaffect,1
copyright,1
messagepass,1
poprank,1
permset,1
burstlik,1
bimatrix,1
sketchtoim,1
deepmind,1
nonadvers,1
outsourc,1
riskavers,1
deficit,1
picard,1
blockacyc,1
faul,1
avaspeech,1
coverageguid,1
contribut,1
cyberb,1
luminoso,1
learningdr,1
homoph,1
fibr,1
prefix,1
inceptiontext,1
card,1
qusecnet,1
hoar,1
multisuperv,1
half,1
spatiallyexplicit,1
trimbot2020,1
persianengl,1
semidirect,1
mvo,1
immigr,1
tagenh,1
juncnet,1
knowledgegraph,1
skul,1
multigrasp,1
fundoscop,1
perceptiondr,1
hypercub,1
svsjoin,1
clientspec,1
stan,1
gas,1
gpuaccel,1
nongrady,1
jobprun,1
capio,1
inceptb,1
orderpreserv,1
coerc,1
coreset,1
zur,1
brain2text,1
allinfoc,1
v030,1
chao,1
metropolit,1
automl,1
vncorenlp,1
rust,1
dequ,1
ferm,1
pedestrianrich,1
phylogeny,1
atiyah,1
sumsofsqu,1
securestream,1
tedx,1
diagnost,1
lasso,1
recordandreplay,1
140000way,1
bisim,1
keyshuffl,1
confoc,1
gray,1
condens,1
coloc,1
thigh,1
cloak,1
hig,1
mount,1
cando,1
dxnat,1
medicin,1
deepsc,1
owasp,1
gps,1
yago,1
pluto,1
scompil,1
presid,1
qkd,1
egalit,1
lacceiv,1
london,1
9view,1
tsmpc,1
homolog,1
chasm,1
classsim,1
ridesh,1
brood,1
val,1
amidst,1
upsc,1
pirm,1
ucb,1
enhancedmr,1
multicondit,1
polarizationdr,1
naturalscy,1
intentaw,1
eigendecomposit,1
famy,1
beat,1
discreteweight,1
impercept,1
reddit,1
illuminationv,1
quasinorm,1
season,1
arthrit,1
priorindepend,1
forty,1
diamond,1
thick,1
datatotext,1
dirty,1
timedecay,1
minibatch,1
craft,1
recurrentoctomap,1
western,1
pelv,1
securecloud,1
adjud,1
senergy,1
energyentrop,1
nihrio,1
protest,1
unseen,1
kald,1
landmin,1
xfdr,1
neurofuzzy,1
ngraphs,1
kmer,1
wirelesspow,1
mistrust,1
dfiltermap,1
electromech,1
segmentationaw,1
unlost,1
crprolog2,1
acousticv,1
prior,1
intentdr,1
kawaguchiky,1
outofthebox,1
latch,1
brainaw,1
tumo,1
roadmap,1
pixellink,1
dfs,1
insufficy,1
quickcheck,1
lpod,1
moddeepesn,1
singlenod,1
houdin,1
dang,1
overwrit,1
tern,1
sizeaw,1
subquadr,1
lappropry,1
doubleblind,1
selfmod,1
tfidf,1
dcpos,1
antisoc,1
semiflow,1
sinr,1
lti,1
bark,1
pinm,1
screw,1
fbg,1
structuresensitive,1
off,1
fixmin,1
gorg,1
automatisch,1
tts,1
multicompon,1
backyard,1
fogsupport,1
retrain,1
framew,1
dwarf,1
twam,1
vivo,1
cnnrnn,1
fove,1
recont,1
wholeslid,1
flowt,1
tupl,1
perceptionnet,1
multilead,1
qualitatsma,1
gbkmv,1
stereops,1
intermediatelevel,1
dialoguern,1
areapreserv,1
microbenchmark,1
qpso,1
wpcn,1
sokob,1
underdetermin,1
neunstain,1
monogamy,1
crisismmd,1
multiset,1
riot,1
tangl,1
stilt,1
linearlycoupl,1
entitl,1
demanddr,1
empathy,1
smtlib,1
savoia,1
bpjs,1
nonoverfit,1
thompson,1
aerob,1
ign,1
pairlink,1
ocnet,1
risksensit,1
communitylevel,1
qualityass,1
multicrop,1
softcov,1
multiexpos,1
destyl,1
maskerdeno,1
tacwhisk,1
copenh,1
elaps,1
userdefin,1
guessthekarm,1
hyperbolictang,1
glaucom,1
footloos,1
tpin,1
checkpoint,1
josephin,1
wizardofoz,1
microm,1
pulmon,1
alignmentfr,1
differentiallypr,1
blazeit,1
hop,1
tonguedr,1
bravo,1
m12,1
diacrit,1
refoward,1
highperformancecomput,1
heartb,1
toolmedy,1
bgp,1
lowdegr,1
chanceconstrain,1
largest,1
perceptiondistort,1
hierarchicallynest,1
trump,1
money,1
levelshift,1
radiologistq,1
datc,1
tex,1
nodeweight,1
infin,1
dacsdc,1
lambdacalcul,1
loglog,1
tvqa,1
sdcnn,1
equifax,1
miz,1
supercomput,1
autophagy,1
simplex,1
inflect,1
80211ac,1
outd,1
lcs,1
correntropyinduc,1
futurepredict,1
country,1
webp,1
brazil,1
fasttrack,1
tw,1
leaderless,1
constitu,1
flipsyndromel,1
elastomerair,1
simplervo,1
repl,1
phasebook,1
antimalw,1
sis,1
learningtorank,1
divexpl,1
jtav,1
isa4ml,1
angor,1
trec_eval,1
mimdsimd,1
barnet,1
plait,1
hunt,1
dad,1
blockman,1
xeon,1
radiusmargin,1
endeffect,1
hors,1
crowdsens,1
sceneaw,1
deadlockfreedom,1
whereandwh,1
deeptam,1
besf,1
au,1
xcnns,1
swim,1
gar,1
bisimil,1
disasterrespons,1
datamin,1
vuldeepeck,1
chunk,1
supermodul,1
bury,1
sizedegr,1
topn,1
nugget,1
cello3d,1
p4,1
convolutionallstm,1
bichrom,1
phd,1
genderneut,1
rabinkarp,1
gadolin,1
dualprim,1
1norms,1
grammardr,1
sdrl,1
puppet,1
triggeract,1
mfcc,1
leftcenterright,1
manytomany,1
forum,1
bilay,1
creds,1
"one thousand, nine hundred and thirteen",1
memorylevel,1
internetwid,1
reenact,1
beamspac,1
facet,1
cord,1
depthadapt,1
subtitl,1
alphaseq,1
iod,1
nlog,1
illcondit,1
spatiallyasymmet,1
seiz,1
uplinkdownlink,1
offreson,1
multiinterfac,1
deid,1
civil,1
strict,1
kserv,1
doi,1
interprocess,1
middl,1
concol,1
cryptoexampl,1
uncoordin,1
2adic,1
labeldepend,1
ostarsk,1
grabcut,1
shalt,1
periphery,1
piecewiseaffin,1
localityconstrain,1
mqapv,1
perfus,1
fer,1
estimationinsight,1
3sat,1
largemargin,1
anticont,1
sergeyev,1
mixedresolv,1
medy,1
pkc,1
sumproduc,1
ico,1
treesearch,1
pspacehard,1
rxcaffe,1
aidroid,1
hcnn,1
divergencepreserv,1
hexmesh,1
concert,1
surpr,1
imposs,1
callbynee,1
constantresourc,1
uninterpret,1
fmri,1
practit,1
angl,1
timeresolv,1
k2,1
singlesid,1
igcv3,1
energydelaycost,1
prof,1
daa,1
autoty,1
breakdown,1
tradingoff,1
eventc,1
f_4,1
jazz,1
lammo,1
sleu,1
multigroup,1
ig,1
ctwasm,1
certain,1
tin,1
amb,1
timeontask,1
neuromusculoskelet,1
twenty-two thousand and eighteen,1
bp,1
idmob,1
sidechannel,1
decompos,1
gradientmir,1
bindsnet,1
autopsy,1
signal,1
rateenergy,1
testb,1
pbe,1
mandarin,1
indexstrat,1
multicamer,1
sc,1
lrc,1
tzc,1
kriminalprognostisch,1
flamenco,1
plex,1
l_1,1
binom,1
constantcurv,1
domainadvers,1
prison,1
grb,1
stratified,1
trop,1
facilit,1
kit,1
divis,1
ornsteinuhlenbeck,1
ap18olr,1
renorm,1
channelpow,1
socioinspir,1
cryoem,1
deepse,1
tuberculos,1
customerc,1
tailsit,1
stateadapt,1
cid,1
keyhol,1
god,1
fastconverg,1
selfregul,1
zebraf,1
sketchphoto,1
recruit,1
presist,1
documentlevel,1
hedg,1
ram,1
fmcode,1
biomimet,1
bigansst,1
dualrail,1
toxicolog,1
despit,1
categorylevel,1
tsps,1
mitosrcn,1
ldso,1
mediaev,1
modelindepend,1
reconcil,1
softphoc,1
networkcod,1
deposit,1
44element,1
bipop,1
vae,1
objectlevel,1
noniid,1
structuring,1
stereograph,1
highfidel,1
consensusdr,1
radiosurgery,1
nearsens,1
disrupt,1
dead,1
lowpow,1
escap,1
watersh,1
semisem,1
bicl,1
consecut,1
sgxenabled,1
realtosim,1
skinny,1
codestitch,1
selfinterreflect,1
netvlad,1
unidirect,1
lend,1
overthetop,1
opentyp,1
randomsubcarrierselect,1
fish,1
entangl,1
disimo,1
rook,1
interdisciplin,1
besty,1
voc,1
polyomino,1
chip,1
absorb,1
detectionin,1
oxid,1
ethds3lab,1
closek,1
percol,1
multibox,1
uerangl,1
cbmv,1
sphere,1
minmin,1
multicod,1
distributedmem,1
nmin,1
coclust,1
ecologicallyinspir,1
taint,1
incompleteinform,1
shepherd,1
hbgraphs,1
telex,1
primair,1
how2,1
pointsift,1
export,1
junt,1
congressm,1
minrank,1
40gb,1
byzantinerobust,1
outofclass,1
settlementfr,1
dsdpso,1
diabet,1
qedtutrix,1
shelv,1
raunet,1
offsh,1
scill,1
h4writer,1
sistem,1
teleop,1
4dvar,1
thresholded,1
errorrel,1
l_p,1
cyberinfrastruct,1
speakerid,1
azimu,1
reproserv,1
claudet,1
humanhum,1
squam,1
macrotask,1
socioeconom,1
apart,1
clang,1
megasc,1
platformindepend,1
densereg,1
photostream,1
wellg,1
p,1
energyl,1
sdfw,1
uncorrel,1
advancingfront,1
postrandom,1
stubborn,1
coapply,1
parameterspac,1
lenght,1
clar,1
boredomdr,1
physiolog,1
scrutable,1
zebrarfo,1
spreadsheets,1
sensetyp,1
arousalv,1
popov,1
chineseportugues,1
black,1
gland,1
"sixty thousand, nine hundred and nine",1
dissect,1
ghzmmwave,1
bina,1
layerlevel,1
contextpredict,1
semifinit,1
1st,1
tokenguid,1
greedoid,1
sur,1
outofdomain,1
agricult,1
parsimony,1
sdm,1
sceneadapt,1
hyperalign,1
tcloseness,1
rcp,1
ifth,1
chebyshev,1
missioncrit,1
clim,1
nanonetwork,1
blackwel,1
gpgpu,1
modelord,1
intralay,1
evacu,1
pld,1
circul,1
homeomorph,1
taco,1
labeleddat,1
lrp,1
intr,1
ecicach,1
kovac,1
respondcam,1
blip,1
inbrows,1
cilantro,1
randomloss,1
allpair,1
policyspac,1
midlevel,1
dictionarycompress,1
mps,1
cycleconsist,1
franch,1
wsns,1
gatk,1
imageguid,1
multifacet,1
sdprelated,1
separateandconqu,1
oac,1
pir,1
abdomin,1
sbnet,1
leap,1
nary,1
undermin,1
massivelyparallel,1
avat,1
timesh,1
flaw,1
gateway,1
threads,1
statist,1
two hundred and eighty-five,1
guest,1
perspekt,1
audioon,1
eventkgtl,1
bpe,1
nulitenet,1
parkinson,1
slepianwolf,1
blockit,1
516gbps,1
derain,1
intim,1
cpsbot,1
timeconst,1
delaytol,1
highthroughput,1
butterf,1
cva,1
graphstruct,1
diagnoseit,1
zerotrain,1
benthem,1
multimot,1
humanbot,1
endofl,1
plateform,1
spury,1
zebr,1
threeway,1
costbound,1
saccad,1
hazelin,1
vishud,1
spatiallydisplac,1
radi,1
mbr,1
phasenet,1
tit,1
ell_2,1
csit,1
bit,1
robin,1
drcd,1
squad,1
crossb,1
dark,1
saliencyguid,1
capita,1
megadep,1
innov,1
sigmoid,1
stand,1
wolv,1
sight,1
vcsps,1
websc,1
sensenet,1
holiest,1
l2,1
paint,1
pytorch,1
arrang,1
pretopolog,1
diffusionembed,1
doc,1
profound,1
deepsign,1
jaund,1
multipleaccess,1
v2g,1
salientdso,1
jackson,1
sip,1
angleconstrain,1
deepssm,1
deepcloak,1
prostatectom,1
hvdc,1
disciplin,1
galo,1
customertocustom,1
excel,1
chittron,1
mixedp,1
rdmavisor,1
playl,1
zoopt,1
longitudin,1
textureshap,1
satir,1
kuramoto,1
altmet,1
meanfield,1
fold,1
nondifferenty,1
gelfondzhang,1
selfnorm,1
highrecal,1
skew,1
worry,1
lect,1
hif,1
reverb,1
blurcount,1
dismantl,1
bigs,1
fixedpoint,1
depthw,1
pseudofract,1
sick,1
release15,1
agricolmap,1
expspacehard,1
multigp,1
senseandpredict,1
leftright,1
trainless,1
touchscreen,1
metam,1
typo,1
movingtarget,1
schedules,1
ik,1
stell,1
pathleng,1
austral,1
geoloc,1
fort,1
choquet,1
openma,1
informationt,1
antshield,1
polyp,1
transmissiondistribut,1
agentinplac,1
socket,1
fullsystem,1
positivstellensatz,1
vii,1
gamm,1
transceiv,1
multiphas,1
np,1
nano,1
astronom,1
tfmodisco,1
rolp,1
non,1
edgecol,1
eventhandl,1
airtoeveryth,1
graphem,1
oop,1
iotaw,1
hierarchicallyspars,1
studio2shop,1
junk,1
jacob,1
clx,1
twinnet,1
pcot,1
bisenet,1
mtnt,1
obl,1
quadrup,1
default,1
fabrec,1
momaro,1
caf,1
pytrec_eval,1
multirepres,1
dqn,1
mchrsr,1
sourcecod,1
nerv,1
wan,1
hindiengl,1
tiramisu,1
sfepy,1
multiplekernel,1
vectorvalu,1
homeoheterost,1
evict,1
hatch,1
mnist,1
gemanmcc,1
leolan,1
fluiddr,1
openontolog,1
sandwich,1
zerocost,1
spinim,1
fusedlstm,1
oregon,1
zebra,1
testdr,1
faddeyev,1
bandlimit,1
gringo,1
end2you,1
millionsc,1
routin,1
taskspec,1
braytonmos,1
bat,1
knowledgepow,1
srnn,1
dent,1
tachycard,1
undirect,1
il,1
texttospeech,1
albertbarabas,1
noisecontrast,1
schatten,1
grapevin,1
esrg,1
protograph,1
demorph,1
surject,1
multiload,1
thrombus,1
wmt18,1
qiskit,1
delaunay,1
infect,1
poor,1
modanet,1
flowdr,1
neuromemr,1
wom,1
deept,1
avy,1
bicomp,1
pseudomeas,1
restruct,1
campus_,1
matrixtens,1
societ,1
securitycrit,1
chinesetoengl,1
goe,1
applicationaw,1
threelayered,1
levelofsimil,1
nonblind,1
subsystem,1
nsqrt,1
atm,1
onecount,1
lookahead,1
gear,1
stretch,1
mvyolo,1
noneaccess,1
enterpriseanwendung,1
entryw,1
rast,1
3dphysnet,1
lug,1
stylespec,1
birdsey,1
semanticallyalign,1
is,1
metricconstrain,1
subword,1
habit,1
tsmheuio,1
radiotherapy,1
energyconstrain,1
qneuron,1
alleg,1
bind,1
dwel,1
ultralowl,1
password,1
twittermedy,1
burst,1
bot,1
proxy,1
semiautom,1
kspc,1
levenshtein,1
stackelberg,1
farthestpoint,1
ltewif,1
percipy,1
vibn,1
pokerstyl,1
rfid,1
pab,1
cav,1
dualsourc,1
fo,1
encryptionthencompress,1
sociallyaw,1
costsensit,1
milk,1
gait,1
urdu,1
rls,1
forestofoct,1
linearthreshold,1
vanlearn,1
hamlet,1
forbid,1
wisdom,1
kinetics600,1
cloudlet,1
utilitygap,1
psog,1
dpgan,1
schemedriven,1
yedroujnet,1
pue,1
m2m,1
cutset,1
resum,1
documentquery,1
metadesorac,1
2bounded,1
aspem,1
neurocognit,1
poissondelaunay,1
bpmn,1
annihil,1
ollivierricc,1
symbiot,1
computerg,1
diversitypromot,1
shield,1
pseudomargin,1
tellin,1
chronological,1
observationdr,1
geniepa,1
quick,1
arithmet,1
weedmap,1
biconvex,1
frontha,1
crowdhum,1
dynamostyl,1
satisf,1
dualdomain,1
repeataccum,1
geocast,1
as,1
deepfal,1
everyth,1
fmeas,1
besteffort,1
afric,1
longerterm,1
crosslevel,1
abduc,1
privacyguarantee,1
uncondit,1
eliz,1
backhaulaw,1
gpgpus,1
biv,1
exam,1
attnconvnet,1
helmet,1
redefin,1
lexicoacoust,1
nonequilibr,1
wormsey,1
gaindissip,1
channelandsign,1
panorama,1
interbank,1
modeldr,1
vulc,1
shootout,1
broadacr,1
binct,1
drunet,1
valueofinform,1
taskaw,1
netherland,1
hsic,1
restless,1
wheelchair,1
noncommut,1
nonneglig,1
superst,1
transposit,1
dunet,1
mad,1
gesturedr,1
highdynamicrang,1
sonyc,1
pdf,1
adjoint,1
monoid,1
historiograph,1
phaselin,1
slo,1
abschlussbericht,1
geodistribut,1
halgebra,1
code2seq,1
shortcut,1
dataunaw,1
flowbaza,1
rtp,1
misslam,1
wilcoxon,1
partialclick,1
"seventeen million, eight hundred and ninety-one thousand, nine hundred and nineteen",1
manyobject,1
vrgoggles,1
superf,1
derivativefr,1
powerdomain,1
nearinfr,1
nakagamim,1
going,1
biconnect,1
rednet,1
triang,1
biopsy,1
belittl,1
limitcyc,1
gaofen2,1
allflash,1
vessellik,1
crf,1
confy,1
mmtc,1
selfh,1
ununzip,1
forbiddenforc,1
snowboard,1
anoth,1
multistruct,1
nlpassisted,1
acdc,1
cemrl,1
diversityrepres,1
grip,1
edgeus,1
dermoscop,1
appl,1
colnet,1
semidens,1
surround,1
lightmap,1
interplay,1
attackagnost,1
roam,1
due,1
ray,1
anglaisarab,1
vectoraid,1
inceptext,1
leaderfollow,1
muldef,1
kniv,1
cbpf,1
twist,1
hasht,1
selfsovereign,1
chair,1
multiprocess,1
onecrossingminorfr,1
countofcount,1
fouriermotzkin,1
multibeam,1
propagand,1
multiat,1
metrictsp,1
outperform,1
v4,1
solarpow,1
twin,1
singlewal,1
codeslam,1
playback,1
pixel2mesh,1
fademl,1
cyclos,1
conform,1
rshortest,1
noref,1
outofview,1
lgm,1
btrfly,1
autostack,1
cedil,1
postdischarg,1
garb,1
crum,1
mhr,1
folk,1
landmarkguid,1
young,1
cobham,1
cyberprotect,1
expnet,1
rankord,1
strokes,1
syq,1
boot,1
chaot,1
multisink,1
mtd,1
ejb,1
intermit,1
sfc,1
sqlonhadoop,1
aud,1
incivil,1
logeuclid,1
few,1
cnnsvo,1
rayparamet,1
bereich,1
aft,1
firef,1
next,1
bimod,1
stim,1
iobt,1
pcn,1
marshal,1
fixedtim,1
adverb,1
dirnet,1
riqu,1
submodularityinspir,1
sram,1
ut,1
hyperledg,1
nb,1
dsic,1
siber,1
discrep,1
25d,1
anyway,1
storageefficy,1
tipsc,1
45year,1
visualsem,1
deal,1
sparkmp,1
mario,1
heavy,1
aerodynam,1
sensex,1
hemt,1
secur,1
systemonchip,1
logit,1
fullpilot,1
dss,1
vasc,1
iec,1
surrey,1
contentdr,1
sinet,1
groundpenet,1
skewdetect,1
privado,1
multiacc,1
humanaw,1
sel,1
retinopathy,1
co,1
recid,1
proprioceiv,1
metast,1
evocut,1
qe,1
faug,1
degreesoffreedom,1
ischem,1
synonym,1
t3f,1
collud,1
surfel,1
eventaw,1
riccat,1
multiwoz,1
dory,1
mcgan,1
stencil,1
improp,1
fusar,1
supc,1
slav,1
erwin,1
ell_infty,1
discount,1
photosaf,1
avx512,1
idiopath,1
stereotyp,1
polarimet,1
vdlt,1
actorlearn,1
rexcam,1
delmu,1
layer2,1
buggy,1
skylin,1
blockreduc,1
smallsign,1
multioperand,1
budamaf,1
click,1
spatialdomain,1
pmb,1
surfelmesh,1
inlin,1
cloudfogth,1
nondiscrimin,1
1d,1
delt,1
transparencydr,1
risky,1
thetafo,1
polyhedron,1
lag,1
highlight,1
dct,1
13th,1
unb,1
visuomot,1
phylay,1
iou,1
ternausnetv2,1
thz,1
multifield,1
symmnet,1
thermoelect,1
lazad,1
watertight,1
lls,1
twing,1
entrenamiento,1
subgam,1
dualcascad,1
mismeas,1
fent,1
infus,1
smarttennistv,1
nuthin,1
crossentrop,1
egomot,1
fund,1
selfoptim,1
curriculumnet,1
carbon,1
onset,1
auv,1
ermittlung,1
notch,1
deepim,1
csmac,1
oltp,1
magneticv,1
disinhibit,1
hol4,1
computationestim,1
qde,1
expend,1
smallfootprint,1
downward,1
fluidsim,1
valueaw,1
narrow,1
isometry,1
multislop,1
aar,1
substringeq,1
networksc,1
artem,1
nanomagnet,1
signedrank,1
immut,1
seq2seq,1
front,1
termmod,1
superpixelguid,1
ioefficy,1
multivehic,1
stamp,1
sagemathcloud,1
ac0circuits,1
gprhog,1
peernet,1
rewardmod,1
gard,1
dijkstr,1
cog,1
f0,1
vip,1
cnot,1
som,1
fluoresc,1
pacbayes,1
ivect,1
ressourc,1
instead,1
piano,1
mul,1
snap,1
sfi,1
pcf,1
maskrcn,1
kti,1
voip,1
cyst,1
graphpattern,1
subspaceorbit,1
pontogammar,1
monolith,1
kmv,1
resta,1
minimumlink,1
subngraph,1
lipsynt,1
nonground,1
postop,1
predefin,1
phylotast,1
shorttim,1
instructionlevel,1
disjoint,1
schemas,1
carpos,1
backproject,1
expans,1
spectralmorpholog,1
dith,1
sls,1
petsc,1
pancr,1
emg,1
embn,1
triangl,1
awgn,1
battlefield,1
dehum,1
multilinear,1
smoo,1
4d,1
dor,1
dualkey,1
puff,1
neuroscy,1
backref,1
hart,1
deeptravel,1
xnmt,1
recalibr,1
qualit,1
fav,1
multifac,1
tsp,1
sigmorphon,1
spaceairground,1
tree2tr,1
elp,1
sinecosin,1
graphlet,1
p2p,1
dawnbench,1
mildnet,1
bytelevel,1
freez,1
mandelbox,1
vienn,1
hardwaresoftw,1
coocc,1
height,1
quadcopt,1
giohm,1
kid,1
kcent,1
identityaw,1
visualtext,1
dial2desc,1
rx,1
nearterm,1
douglasrachford,1
weaklyvis,1
activitynet,1
fict,1
exoskeleton,1
multibit,1
iotenh,1
oracleefficy,1
smt,1
hing,1
r2rml,1
mumimo,1
shak,1
righttoleft,1
higherdimend,1
weightsh,1
b3spline,1
crud,1
computationallyrobust,1
hitl,1
d4r,1
multiq,1
phototoc,1
pu,1
unsourc,1
doubleq,1
rssi,1
iff,1
hiv,1
spatialaw,1
kinet,1
1plane,1
platformagnost,1
semanticrich,1
highdoppl,1
rpse,1
hub,1
shortpacket,1
opf,1
ne,1
pid,1
abort,1
parikh,1
humaninterpret,1
elearn,1
keystrok,1
waveglow,1
nonstation,1
pigeonr,1
porosityperm,1
plasmon,1
bft,1
imu2face,1
allow,1
adlemanlipton,1
hyponymy,1
illino,1
exhaust,1
epidem,1
accuracypr,1
classifiersampl,1
postery,1
intentskb,1
cram,1
edgetoconto,1
iconolog,1
subtens,1
iov,1
app,1
steal,1
vizrec,1
superimpositionguid,1
npm,1
dav,1
networkoblivy,1
dcnns,1
spaceefficy,1
lob,1
colon,1
deepmv,1
attributeguid,1
sdcnet,1
costbenefit,1
multiproject,1
unravel,1
portraitg,1
channelw,1
rbm,1
quadricep,1
reexplain,1
respond,1
objectagnost,1
maestrob,1
lifelong,1
fuzzyrough,1
astrae,1
eigenvalu,1
wizard,1
negpsp,1
cantones,1
multisequ,1
c3po,1
sumr,1
volcano,1
nbiot,1
minimumcost,1
backscatterassist,1
multirelay,1
trinocul,1
jobcompos,1
rotationinv,1
tsne,1
gail,1
passiveaggress,1
lengu,1
edisco,1
destin,1
meso,1
2b3c,1
selfassembl,1
lowcost,1
ris,1
venu,1
hemisph,1
hypersph,1
ntuaslp,1
psroi,1
coopetit,1
catdet,1
sir,1
eigenprogress,1
multipoint,1
mxlstm,1
keep,1
cartocloud,1
rectangul,1
arx,1
hypernymy,1
userdirect,1
msce,1
multiphoton,1
deter,1
highresourc,1
metastas,1
misr,1
idlv,1
degreedecoupl,1
cellfr,1
baryc,1
scraping,1
kmst,1
shelfl,1
mit,1
magnetomet,1
roug,1
6th,1
perm,1
taintassembl,1
msvl,1
retrofit,1
weightimport,1
should,1
subgo,1
metamorphos,1
storytel,1
multidiscrimin,1
patternmatch,1
blur,1
superp,1
rangl,1
fdd,1
iso,1
hyperoctahedr,1
quasicl,1
nfold,1
slicst,1
refuel,1
multicateg,1
syntf,1
fliptrack,1
failsaf,1
crossfir,1
inflight,1
zwe,1
poseclass,1
buckl,1
cacheen,1
polyvect,1
holonom,1
callbynam,1
orderrev,1
linformativit,1
heng,1
aslevel,1
tattoo,1
featurereus,1
fiw,1
epta,1
overseg,1
hindustan,1
interlock,1
sarn,1
mdps,1
dan,1
adh,1
videokifu,1
denseleav,1
illit,1
ldpcstaircase,1
sandh,1
cidpro,1
someon,1
perpet,1
scout,1
allevy,1
bernaysschonfinkelramsey,1
tempest,1
deepcod,1
decompressandsolv,1
pail,1
discharg,1
socialbot,1
capacitymem,1
tensortrain,1
vaeg,1
circuitry,1
kasam,1
bufferaid,1
liumcvc,1
pathtrack,1
envy,1
eulerlagrang,1
ceo,1
drugdrug,1
eyeglassrobust,1
bim,1
san,1
cryptocur,1
recombin,1
diophantin,1
pre,1
blockcyc,1
pronunt,1
radon,1
berlekamp,1
16nm,1
neutrophil,1
slugbot,1
wil,1
ary,1
fillergap,1
semigrady,1
lipread,1
indomain,1
fcdn,1
multicu,1
workloadaw,1
hardwareefficy,1
approv,1
smo,1
autotun,1
cereced,1
youtubevo,1
repack,1
impactminim,1
suspiciouslink,1
stego,1
zerodetermin,1
bagofvisualword,1
sampleddat,1
coupon,1
mvg,1
roundrobin,1
screenernet,1
icp,1
agh,1
misspel,1
deepfak,1
excoupl,1
cortex,1
csel,1
warn,1
gasket,1
fee,1
everywh,1
traj2user,1
qa,1
fiduc,1
hypergrid,1
pers,1
solidst,1
onramp,1
quartet,1
dynamicpry,1
neurobiolog,1
nrtr,1
cryptomin,1
almn,1
shout,1
tx,1
nonsymmet,1
inband,1
mram,1
stateless,1
glow,1
singleview,1
shorthorizon,1
quantizationaw,1
subcarrierassist,1
mfish,1
subtext,1
numerolog,1
musicdr,1
marketmedy,1
eighteen,1
e3,1
ispanet,1
cuckoo,1
choreograph,1
minhash,1
cmi,1
ell_1,1
month,1
hrim,1
gecco,1
nextitem,1
viscovery,1
fairmod,1
tauconject,1
edgeflow,1
networkdecompos,1
muse,1
wrpn,1
multipol,1
mac,1
predomin,1
typedr,1
misconduc,1
cro,1
yorub,1
congenit,1
gallery,1
chipsc,1
regionofinterest,1
annotationfr,1
multispeak,1
bruteforc,1
8023ca,1
az,1
metad,1
3dpsrnet,1
millimetrewav,1
schneiders,1
matlab,1
ifthenels,1
undersampl,1
unconstrain,1
failstop,1
reinv,1
neck,1
slamboost,1
rg,1
trsvd,1
nonchain,1
screenshots,1
conebeam,1
airport,1
gmres,1
vectoramp,1
cbpmn,1
neuralguid,1
proxqu,1
istrict,1
nodes,1
inertialaid,1
shrew,1
nonalign,1
flexont,1
imagelangu,1
hsv,1
inproduc,1
toponym,1
qwir,1
ledgerguard,1
xsearch,1
simd,1
platea,1
ubiquit,1
speechpy,1
m2,1
nontechn,1
sift,1
nbody,1
gis,1
quantuminspir,1
sfagtm,1
z,1
humantohum,1
pseudofeedback,1
yoned,1
botiot,1
json,1
sleep,1
fogr,1
3rd,1
krupp,1
tonnetz,1
cal,1
conv,1
thanksto,1
tithon,1
ber,1
openworld,1
matrixproduc,1
quasiabel,1
confuci,1
multispectrogram,1
amplitud,1
dispatch,1
multiwin,1
rectilinear,1
ukrain,1
dfnet,1
dls,1
v0442alpha,1
segreg,1
crim,1
eagleey,1
trinh,1
cooptim,1
meaningfrequ,1
orchard,1
fiberreinforc,1
rollercoast,1
intraartic,1
walkthrough,1
datatyp,1
qcp,1
motifnet,1
matrixvalu,1
per,1
epipol,1
inherit,1
tsnet,1
typolog,1
terminalclust,1
incomp,1
correlationinv,1
esap,1
interus,1
mohon,1
shut,1
improve3c,1
semiparamet,1
ebwt,1
iib,1
womb,1
curs,1
minorfr,1
voxsegnet,1
wheth,1
polylogarithm,1
multiway,1
modelaid,1
rareev,1
bip,1
coalesc,1
tunnel,1
multigpu,1
crosss,1
posthur,1
uap,1
singleload,1
circad,1
yh,1
serversid,1
crosspoint,1
capturada,1
pill,1
superposit,1
bulk,1
spons,1
minkowsk,1
pessim,1
empow,1
saropt,1
nex,1
cold,1
athlet,1
healthrel,1
coref,1
club,1
hold,1
neutrosoph,1
stnet,1
seedless,1
streetview,1
maxweight,1
prefetch,1
ondemand,1
palet,1
ip,1
negacyc,1
sinkhorn,1
truechain,1
fixedw,1
multicontrast,1
verdictdb,1
atop,1
adaptivelydrop,1
demix,1
brambl,1
schemaorg,1
thirty-two,1
perdecid,1
demosaick,1
statefeedback,1
icn,1
imagenet,1
whisk,1
tap,1
shallowdeep,1
gelslim,1
dmds,1
eyetrack,1
sliceprop,1
cassandr,1
dilemm,1
rais,1
patterndr,1
wing,1
floornet,1
datadepend,1
press,1
fogedg,1
reliev,1
avsd,1
special,1
bitlevel,1
chainqueen,1
victim,1
inroad,1
oft,1
hcap,1
evapotranspir,1
humancomput,1
wp,1
cyclon,1
nondispers,1
timefract,1
texyg,1
mtfh,1
ux,1
seamless,1
alga,1
du,1
shufflethenassembl,1
flat,1
pathg,1
eastadl,1
volunt,1
unfroz,1
physiologypsychologyphys,1
circumv,1
trufl,1
multitimesc,1
tm,1
webassembl,1
coincid,1
distributionaw,1
faulttol,1
highstak,1
rgbpoint,1
processinginmem,1
quickcast,1
braqueamento,1
densepos,1
domainwal,1
contradict,1
dril,1
clickthrough,1
tala,1
etud,1
nonvolatil,1
known,1
arcconnect,1
pvchp,1
streets,1
cikm,1
coarsetofin,1
scholarly,1
cleanlabel,1
rationalityproof,1
processdr,1
reconocimiento,1
haarlik,1
sky,1
controv,1
eigensolv,1
entir,1
convolutionalrecur,1
fastestpa,1
uvvurangl,1
tapa,1
tikhonov,1
finsl,1
demograph,1
quo,1
block4forensic,1
softguid,1
graph2seq,1
unmod,1
cmso,1
refreshaccess,1
3dlidar,1
highend,1
accid,1
genesy,1
tend,1
duplex,1
scatternet,1
attenu,1
hexaconv,1
kazakh,1
nonrecur,1
npc,1
lean,1
birdnet,1
spad,1
fibrebundl,1
freedom,1
suppl,1
interactivepredict,1
rtbyzcast,1
away,1
submap,1
cosim,1
deconvolv,1
valueatrisk,1
identitypreserv,1
diffeomorph,1
interproc,1
sierpinsk,1
lrs3ted,1
deepdiv,1
b,1
storagel,1
one thousand,1
fixeds,1
longtermspectr,1
threestream,1
weaksc,1
segmentationfr,1
intrapapil,1
swed,1
comb,1
interclust,1
daqn,1
hygy,1
vipio,1
treestruct,1
sclerosis,1
gradg,1
lhr,1
blood,1
analyticup,1
dempstershaf,1
dawn,1
multiuav,1
gromovwasserstein,1
radicalpilot,1
harass,1
ret,1
neglect,1
firearm,1
summaryat,1
impal,1
patientc,1
quickest,1
artefact,1
noninvas,1
sampleahead,1
12lead,1
cayley,1
floorpl,1
videolevel,1
cricket,1
urllcemb,1
multiflow,1
shad,1
chisqu,1
shard,1
mild,1
okay,1
sobel,1
fluidfft,1
rdm,1
xcelram,1
allbestswapedg,1
d2daided,1
trek,1
drosophil,1
attentiong,1
bitparallel,1
vmf,1
recsy,1
metainterpret,1
safernet,1
tab,1
swde,1
biotechnolog,1
svcca,1
verbc,1
npcomplete,1
reord,1
selfimprov,1
exhibit,1
epidemiolog,1
averagecas,1
subgrady,1
nimbro,1
harrcascad,1
anm,1
interiornet,1
orlaola,1
satelliteground,1
metacom,1
deny,1
selfdestruct,1
basketbal,1
raycast,1
bdd,1
tu,1
sbaf,1
wavetheoret,1
etiquet,1
speechread,1
much,1
zerodelay,1
directedinfo,1
microserv,1
burrowswheel,1
ticn,1
productionsc,1
ner,1
eul,1
ingrasp,1
classaw,1
indel,1
turb,1
fuj,1
espac,1
_4,1
haskel,1
qr,1
psycholingu,1
futureg,1
playnport,1
quickxsort,1
suspicy,1
norecur,1
invas,1
macaqu,1
cognitivelpw,1
hess,1
onto,1
suffix,1
metaoptim,1
ndn,1
misesf,1
pcg,1
imagetovideo,1
kary,1
reif,1
smallsc,1
h_infty,1
ksupply,1
fluidstruct,1
sideinform,1
grpc,1
slay,1
wordord,1
edgeaw,1
postquant,1
resourceaw,1
beg,1
poetry,1
surfacetostruct,1
misreport,1
nonex,1
referencefr,1
end,1
algorithmhardw,1
hexahedron,1
conflu,1
lookup,1
reckon,1
adel,1
offroad,1
ein,1
collisionfr,1
atr,1
mw,1
otf,1
foundry,1
knight,1
uncalibr,1
abud,1
shapenet,1
wdmpon,1
directsequ,1
intertwin,1
syr,1
growcut,1
slowv,1
rankdeficy,1
hel,1
k10,1
blink,1
mlcapsule,1
diffract,1
racerel,1
nonreneg,1
popup,1
volterr,1
drqn,1
demod,1
relaxedrigid,1
synergy,1
rsh,1
semirecur,1
anasaz,1
weaklyhard,1
socp,1
tang,1
keyphras,1
saak,1
pila,1
looptransform,1
signon,1
sta,1
sub6,1
arimoto,1
qubit,1
geny,1
pointw,1
k3,1
cmosoxram,1
sbft,1
psnr,1
ic3,1
l0,1
holograph,1
penet,1
cosmo,1
canb,1
msuedin,1
stealtim,1
resembl,1
priz,1
skilledworkforc,1
wee,1
epilept,1
k1,1
goto,1
skyground,1
insideout,1
remark,1
adversarialandat,1
sparsetodens,1
ctcattention,1
selfconsist,1
superpos,1
interflow,1
alphabetinv,1
forg,1
deeprl,1
aircraft,1
noth,1
vm,1
quantalevalu,1
unitd,1
snet,1
emlnet,1
deeptemp,1
remaind,1
rendezv,1
readerwrit,1
10item,1
deloc,1
halfspac,1
robotc,1
asses,1
veloc,1
excess,1
raft,1
referenceless,1
tripleidq,1
easyconvpool,1
autosc,1
gf11,1
descriptionregul,1
tabul,1
outcom,1
hp,1
nonobject,1
geometrycontrast,1
"twenty-six thousand, two hundred and sixty-two",1
disunit,1
multiserv,1
thresholds,1
subnyqu,1
tig,1
sketchm,1
ffjord,1
epistem,1
landmarkfr,1
normaw,1
sumoss,1
ntp,1
multihum,1
recogym,1
ppgnh,1
triangul,1
stresstesting,1
outofc,1
seq2,1
nonrandom,1
spoil,1
scriptometrics,1
bughandl,1
80211ax,1
dog,1
viewerc,1
ultrashort,1
lcrnet,1
arduino,1
manuallydesign,1
epistemolog,1
metadat,1
bend,1
son,1
contingencyaw,1
fet,1
truss,1
superdep,1
xvid,1
endnod,1
dissert,1
boxnet,1
syncg,1
privileg,1
crosspac,1
globaltrait,1
rig,1
biomark,1
acm,1
miriam,1
interactionaw,1
aikido,1
finfet,1
scrubber,1
wellscop,1
nfvsdn,1
compilercompil,1
3way,1
taiwanes,1
offlinesampl,1
srl,1
qbf,1
rnntransducer,1
promin,1
pca,1
dolphin,1
weal,1
gpr,1
selfst,1
divideandconqu,1
rephras,1
haem,1
nan,1
bus,1
ann,1
metah,1
bernoull,1
synthetict,1
multiperspect,1
ibbesgx,1
managementcontrol,1
moderates,1
alon,1
sparql,1
cocr,1
26th,1
micronnet,1
valley,1
pharmaceut,1
conduc,1
cfcm,1
trianglefr,1
shapley,1
pk,1
deeptyp,1
holol,1
epoch,1
witnessfunct,1
interrel,1
oscil,1
bengal,1
webl,1
hmm,1
targettrack,1
math,1
vislet,1
proflow,1
ded,1
yuanfudao,1
photosh,1
textsnak,1
orthopolygon,1
wassa2018,1
yield,1
gmm,1
bcsat,1
modelchain,1
cogninet,1
rmdl,1
fscore,1
babbl,1
drugnet,1
instagram,1
treeadjoin,1
lowshot,1
orc,1
gemin,1
scanpa,1
sagema,1
scaleinsensit,1
spectogram,1
gold,1
cp,1
inclassroom,1
bicub,1
scrambled,1
translationinv,1
devop,1
h_,1
evenholefr,1
trol,1
cloudassist,1
clicksequenceaw,1
rliac,1
helix,1
domainadapt,1
videomatch,1
polypharm,1
desingul,1
therapeut,1
pseudov,1
halfton,1
cycleincyc,1
syl,1
dataaid,1
admiss,1
ligand,1
egbt,1
kautzsingleton,1
camelot,1
thermaltovis,1
rollback,1
entit,1
timeweav,1
kotlin,1
mavnet,1
collinear,1
clawfr,1
tableau,1
spiky,1
tikzfeynhand,1
um,1
wirefram,1
autoassocy,1
ibm,1
multivo,1
williamson,1
ifair,1
amd,1
attest,1
uncommon,1
multitemp,1
steem,1
remotenet,1
oct,1
empathet,1
alia,1
logicalgebra,1
questionnair,1
subexpon,1
subband,1
textindepend,1
selfplay,1
smok,1
word2vec,1
ib,1
hillvalley,1
nodespec,1
datapl,1
chemicalprotein,1
nimf,1
channelnet,1
resnet,1
brainmachin,1
randomwalk,1
refresh,1
ultralow,1
lanenet,1
machinelearn,1
selfdef,1
paradox,1
aerialground,1
bc,1
wikidat,1
neurosymbol,1
tlru,1
mandarinengl,1
jigsaw,1
energyoptim,1
superefficy,1
atp,1
nonel,1
alphafair,1
cak,1
divideandr,1
cud,1
diffractionphoton,1
viewinv,1
paddit,1
memoryefficy,1
1norm,1
lipschitzcontinu,1
webst,1
knowledgeguid,1
interobject,1
prospect,1
advbn,1
multicontext,1
lowess,1
featurelevel,1
juvenil,1
adam,1
backact,1
scenelevel,1
readmit,1
fan,1
adaboost,1
systol,1
quasiperiod,1
classincr,1
heart,1
ur,1
expertcrowd,1
linearcommun,1
arimalstm,1
topl,1
nd,1
unlimit,1
far,1
fabryperot,1
networkf,1
unresolv,1
injury,1
buy,1
dnnhmm,1
crosscamer,1
ahead,1
wrt,1
mitm,1
adversarialn,1
unsearch,1
rrobust,1
acontrario,1
brea,1
tsetlin,1
mammogram,1
80211p,1
siftlik,1
diet,1
interferometry,1
tactilesens,1
shiftreduc,1
warp,1
intermediatehorizon,1
mawilab,1
rescu,1
enseign,1
tank,1
delayconstrain,1
tongu,1
trianglu,1
iotdot,1
pvs,1
mbehzad,1
finitewid,1
wrist,1
rabern,1
invehic,1
deconstruct,1
electrogram,1
dantzig,1
pomdp,1
wo,1
multikernel,1
svc,1
similarityd,1
mol,1
doct,1
masklink,1
neuman,1
settl,1
mcmc,1
bursty,1
knn,1
regrasp,1
fif,1
lis,1
rag,1
classagnost,1
secgrid,1
smpc,1
caes,1
cubeslam,1
mlleaks,1
chet,1
ageinv,1
dscloud,1
bent,1
freemov,1
qbm,1
wflp,1
sacr,1
offtheshelf,1
acid,1
one hundred and seventy-four,1
dea,1
ireplay,1
prom,1
delayaw,1
rom,1
powerefficy,1
nonmal,1
panopt,1
linbft,1
h,1
sourcechannel,1
logagnost,1
laserpow,1
calgebra,1
televid,1
wet,1
blipp,1
ist,1
troublesom,1
sunshin,1
strongconvexity,1
immedy,1
qattack,1
crosswind,1
endus,1
lalt,1
curiositydr,1
rubr,1
multiorg,1
supervisionbyreg,1
fur,1
fight,1
hotel,1
olap,1
anthem,1
deeps,1
wpan,1
unseg,1
valueload,1
geograph,1
psomfb,1
traduc,1
statechart,1
sysmlkao,1
steep,1
convs2svc,1
fir,1
horn,1
markerfr,1
systemcal,1
worldwid,1
extrins,1
tabletop,1
errorrobust,1
enough,1
eheal,1
t2net,1
paid,1
rankdcg,1
predictivecod,1
spacenet,1
threetier,1
gamepad,1
acousticstoword,1
uncertaintyaw,1
hardwareintheloop,1
nonblock,1
isabellehol,1
remedy,1
pathfind,1
hallucinatediq,1
multiplatform,1
motorizedscrew,1
neumatch,1
gameplay,1
mirrorprox,1
kapp,1
littleston,1
minut,1
topograph,1
dynastyl,1
nakamoto,1
m3fusion,1
actorsupervid,1
lot,1
hyperdr,1
multicloud,1
bottomup,1
z_pz_,1
espnet,1
vehicletoinfrastruct,1
pds,1
ang,1
hog,1
insert,1
p4k,1
cimpl,1
burg,1
handcod,1
contentstyl,1
mastisk,1
fpt,1
compnet,1
multiatla,1
hierarchicalpoint,1
graphcol,1
semanticv,1
postprocess,1
dcf,1
mag,1
mous,1
sgad,1
2class,1
stereopair,1
hep,1
vizdoom,1
confus,1
rash,1
modulationdomain,1
opc,1
"nineteen million, three hundred and fifty-two thousand and fourteen",1
seq2sick,1
batm,1
fivepoint,1
mindaw,1
nightm,1
_2,1
highacc,1
maraud,1
scheduler,1
corpusspec,1
releaseacquir,1
saffron,1
externallight,1
tls,1
lowoverhead,1
continuousdomain,1
applicationsfriend,1
crossdepict,1
beetl,1
flatland,1
lteadv,1
mesonet,1
dirac,1
roundabout,1
antiph,1
blockvalu,1
fivequbit,1
microsim,1
hcns,1
semiblind,1
indisput,1
headmount,1
metapa,1
galaxy,1
neuroanatom,1
historythem,1
rit,1
quickmergesort,1
unnecess,1
iterank,1
ghana,1
relu,1
spnet,1
mapless,1
rbgd,1
pm,1
mor,1
realnetwork,1
contextpatch,1
intrafram,1
commonsenseq,1
telem,1
multicohort,1
listw,1
threeuser,1
consequ,1
v22vrangle,1
lclean,1
rk,1
kochenspeck,1
raspberry,1
log2log,1
harmony,1
storagerepair,1
pseudod,1
intery,1
smallernormlessinform,1
reconet,1
datadepsjl,1
makemodel,1
speechdr,1
deeptileb,1
crossc,1
dpll,1
postict,1
dilatedresid,1
constantpow,1
incom,1
overlapsav,1
2cnot,1
pixellevel,1
pfdet,1
shrinkwrap,1
dihedr,1
reedmul,1
subit,1
preferenceaw,1
openim,1
adashift,1
colortext,1
coldrout,1
emrq,1
turbolik,1
poset,1
kitch,1
a3net,1
treetot,1
errorpron,1
awg,1
aspl,1
holm,1
obamanet,1
autocondit,1
inhom,1
3dtrajectory,1
chaff,1
javacard,1
optomagnet,1
text2scene,1
playground,1
pitch,1
segmenta,1
germany,1
loweffort,1
laparoscop,1
recipeq,1
vertebra,1
stein,1
gosig,1
deeplearningpow,1
lstd,1
flajolet,1
ponz,1
amount,1
abandon,1
objectrel,1
consolid,1
contextfr,1
minutiapair,1
multiplay,1
nosql,1
incompress,1
grey,1
thumbnail,1
missratio,1
tessel,1
neuromodel,1
transdimend,1
sheep,1
van,1
infilt,1
dataaug,1
hfree,1
nic,1
ilooklikeanengin,1
predicateargu,1
rehabilit,1
reviewchain,1
mig,1
bypass,1
ventricul,1
maeotic,1
one hundred and seventy-fiv,1
computeandforward,1
radiologistlevel,1
selfaug,1
highdivers,1
pwned,1
systemml,1
layercompens,1
fat,1
mixg,1
callgraph,1
mathbf,1
cohomolog,1
sa2,1
cornernet,1
burgeon,1
camp,1
polysynthet,1
physiotherapy,1
nqueen,1
highdens,1
realloc,1
papr,1
checkpointrestart,1
voicecontrol,1
compa,1
lowdimend,1
intersampl,1
orientierung,1
frequencydomain,1
sourcesid,1
fot,1
cataract,1
lll,1
dis,1
coarg,1
hend,1
cryst,1
fig,1
modalityspec,1
spatialchrom,1
prost,1
steganalys,1
conl,1
nonoptim,1
coalit,1
iss,1
cycleg,1
stgan,1
lisp,1
sect,1
3ddetnet,1
amort,1
bohb,1
lauth,1
hoeffd,1
mconvex,1
highway,1
seq,1
onedimend,1
mec,1
envyfr,1
ganax,1
gosgd,1
nonreciproc,1
brittl,1
expertengestutzt,1
glad,1
scalarfglm,1
unreason,1
blackboard,1
crcpolar,1
profundidad,1
93topswatt,1
lank,1
vin,1
lowresolv,1
glse,1
irrig,1
selfsupervid,1
assault,1
spinhal,1
pram,1
district,1
xiao,1
workforc,1
occur,1
turbo,1
pinterest,1
networkwid,1
3times,1
multimeas,1
phonet,1
mobilityondemand,1
eduedit,1
sri,1
facy,1
dcas,1
markup,1
1sink,1
deblo,1
coend,1
alchem,1
inexpend,1
saferout,1
nonpreempt,1
knptc,1
boson,1
trifact,1
reparamet,1
sen12,1
bribery,1
sbse,1
losnlo,1
tor,1
mmwaves,1
emiratiacc,1
cohort,1
dirichletcateg,1
demandsid,1
crossdataset,1
diamet,1
rainforest,1
krig,1
durablef,1
unwrap,1
graphit,1
specificationdr,1
wideangl,1
tsal,1
backend,1
inapproxim,1
microrobot,1
biomass,1
refund,1
blu,1
rapido,1
bpsk,1
poet,1
metareinforc,1
denselyconnect,1
welltyp,1
farsnet,1
terrest,1
decisiontheoret,1
handov,1
enfuzz,1
usercel,1
sequencetoact,1
multipleattribut,1
textguid,1
respect,1
dtrnn,1
adadep,1
scalemodaltemp,1
shop,1
node2vec,1
coroutin,1
basejump,1
fal,1
milp,1
humanth,1
cutwid,1
interlink,1
one hundred and four,1
cvss,1
klassifik,1
interdepend,1
mellin,1
whack,1
thou,1
flap,1
mixnet,1
loraw,1
tas,1
vhr,1
decodingh,1
suboptim,1
sampletosampl,1
interleav,1
ciph,1
p_n,1
contextualbandit,1
row,1
carryov,1
inaud,1
microuav,1
svd,1
activitycondit,1
hyperpctl,1
mdl,1
cocalc,1
charcn,1
suspend,1
lemkehowson,1
hyperband,1
avalon,1
grac,1
deepkey,1
d_,1
slimnet,1
resset,1
riskstrat,1
holofac,1
continuoustim,1
phasechang,1
ukpath,1
nanotub,1
metaanch,1
factoid,1
supersequ,1
multigenr,1
dcoofdm,1
binaryweight,1
stol,1
sena,1
hot,1
sscnets,1
sharedmem,1
oneclick,1
seq2seqattention,1
flowlevel,1
metaph,1
constitut,1
minrep,1
sentyl,1
icfvr,1
massey,1
architectureindepend,1
intelliav,1
mimonom,1
revenu,1
stimul,1
codebook,1
nth,1
heavytail,1
sensorless,1
sentinel1,1
eig,1
tur,1
candid,1
orthopa,1
disord,1
antisemit,1
hourglass,1
